polisher,depth,total_SNP_errors,total_Deletion_errors,total_Insertion_errors,total_Mixed_errors,Existing,Introduced
fmlrc2,25.0,57.0,2.0,3.0,184.0,2.0,244.0
fmlrc2,25.1,39.0,7.0,2.0,79.0,7.0,120.0
fmlrc2,25.2,50.0,8.0,3.0,77.0,8.0,130.0
fmlrc2,25.3,35.0,4.0,5.0,121.0,4.0,161.0
fmlrc2,25.4,33.0,6.0,4.0,90.0,5.0,128.0
fmlrc2,25.5,25.0,4.0,1.0,77.0,4.0,103.0
fmlrc2,25.6,46.0,5.0,3.0,147.0,5.0,196.0
fmlrc2,25.7,36.0,5.0,0.0,60.0,5.0,96.0
fmlrc2,25.8,22.0,5.0,3.0,183.0,4.0,209.0
fmlrc2,25.9,42.0,5.0,1.0,42.0,4.0,86.0
fmlrc2,26.0,45.0,6.0,1.0,77.0,6.0,123.0
fmlrc2,26.1,34.0,2.0,2.0,132.0,2.0,168.0
fmlrc2,26.2,32.0,4.0,0.0,114.0,4.0,146.0
fmlrc2,26.3,34.0,2.0,2.0,48.0,2.0,84.0
fmlrc2,26.4,45.0,3.0,4.0,52.0,2.0,102.0
fmlrc2,26.5,25.0,6.0,0.0,62.0,6.0,87.0
fmlrc2,26.6,23.0,4.0,1.0,33.0,2.0,59.0
fmlrc2,26.7,41.0,7.0,1.0,93.0,4.0,138.0
fmlrc2,26.8,13.0,6.0,1.0,47.0,4.0,63.0
fmlrc2,26.9,35.0,3.0,1.0,74.0,3.0,110.0
fmlrc2,27.0,13.0,4.0,1.0,33.0,4.0,47.0
fmlrc2,27.1,26.0,2.0,1.0,28.0,2.0,55.0
fmlrc2,27.2,19.0,7.0,2.0,58.0,5.0,81.0
fmlrc2,27.3,28.0,6.0,2.0,87.0,4.0,119.0
fmlrc2,27.4,22.0,4.0,2.0,70.0,3.0,95.0
fmlrc2,27.5,12.0,6.0,4.0,53.0,4.0,71.0
fmlrc2,27.6,24.0,4.0,1.0,25.0,4.0,50.0
fmlrc2,27.7,14.0,5.0,2.0,31.0,4.0,48.0
fmlrc2,27.8,22.0,4.0,0.0,47.0,4.0,69.0
fmlrc2,27.9,16.0,0.0,0.0,85.0,0.0,101.0
fmlrc2,28.0,40.0,2.0,3.0,33.0,2.0,76.0
fmlrc2,28.1,17.0,5.0,2.0,44.0,4.0,64.0
fmlrc2,28.2,27.0,4.0,0.0,20.0,4.0,47.0
fmlrc2,28.3,29.0,5.0,1.0,31.0,5.0,61.0
fmlrc2,28.4,16.0,4.0,1.0,41.0,4.0,58.0
fmlrc2,28.5,21.0,16.0,1.0,29.0,4.0,63.0
fmlrc2,28.6,15.0,2.0,2.0,70.0,2.0,87.0
fmlrc2,28.7,11.0,5.0,0.0,65.0,4.0,77.0
fmlrc2,28.8,14.0,4.0,1.0,35.0,4.0,50.0
fmlrc2,28.9,16.0,5.0,1.0,38.0,5.0,55.0
fmlrc2,29.0,12.0,8.0,3.0,18.0,5.0,36.0
fmlrc2,29.1,11.0,5.0,1.0,12.0,5.0,24.0
fmlrc2,29.2,23.0,5.0,1.0,19.0,5.0,43.0
fmlrc2,29.3,25.0,5.0,1.0,32.0,5.0,58.0
fmlrc2,29.4,12.0,6.0,0.0,41.0,4.0,55.0
fmlrc2,29.5,14.0,4.0,2.0,31.0,4.0,47.0
fmlrc2,29.6,24.0,5.0,2.0,17.0,5.0,43.0
fmlrc2,29.7,14.0,4.0,1.0,9.0,4.0,24.0
fmlrc2,29.8,26.0,4.0,0.0,16.0,3.0,43.0
fmlrc2,29.9,10.0,3.0,8.0,8.0,3.0,26.0
fmlrc2,30.0,21.0,6.0,1.0,14.0,6.0,36.0
fmlrc2,30.1,7.0,3.0,0.0,13.0,3.0,20.0
fmlrc2,30.2,8.0,4.0,3.0,32.0,4.0,43.0
fmlrc2,30.3,11.0,5.0,2.0,21.0,4.0,35.0
fmlrc2,30.4,13.0,5.0,0.0,12.0,5.0,25.0
fmlrc2,30.5,13.0,4.0,0.0,15.0,4.0,28.0
fmlrc2,30.6,14.0,5.0,1.0,19.0,4.0,35.0
fmlrc2,30.7,23.0,4.0,0.0,5.0,4.0,28.0
fmlrc2,30.8,9.0,7.0,1.0,21.0,7.0,31.0
fmlrc2,30.9,2.0,4.0,0.0,2.0,4.0,4.0
fmlrc2,31.0,7.0,4.0,1.0,7.0,4.0,15.0
fmlrc2,31.1,14.0,4.0,1.0,45.0,4.0,60.0
fmlrc2,31.2,14.0,4.0,1.0,7.0,4.0,22.0
fmlrc2,31.3,19.0,5.0,0.0,10.0,5.0,29.0
fmlrc2,31.4,7.0,5.0,2.0,15.0,2.0,27.0
fmlrc2,31.5,5.0,4.0,1.0,0.0,4.0,6.0
fmlrc2,31.6,9.0,6.0,2.0,14.0,4.0,27.0
fmlrc2,31.7,15.0,5.0,2.0,16.0,5.0,33.0
fmlrc2,31.8,10.0,5.0,0.0,35.0,2.0,48.0
fmlrc2,31.9,14.0,5.0,1.0,46.0,5.0,61.0
fmlrc2,32.0,13.0,4.0,0.0,12.0,4.0,25.0
fmlrc2,32.1,9.0,5.0,0.0,7.0,5.0,16.0
fmlrc2,32.2,8.0,4.0,2.0,15.0,4.0,25.0
fmlrc2,32.3,18.0,7.0,1.0,17.0,7.0,36.0
fmlrc2,32.4,8.0,5.0,0.0,26.0,4.0,35.0
fmlrc2,32.5,15.0,3.0,0.0,11.0,3.0,26.0
fmlrc2,32.6,6.0,5.0,1.0,21.0,5.0,28.0
fmlrc2,32.7,6.0,4.0,1.0,23.0,4.0,30.0
fmlrc2,32.8,4.0,3.0,1.0,24.0,3.0,29.0
fmlrc2,32.9,3.0,4.0,0.0,11.0,4.0,14.0
fmlrc2,33.0,6.0,5.0,0.0,3.0,5.0,9.0
fmlrc2,33.1,6.0,4.0,0.0,19.0,4.0,25.0
fmlrc2,33.2,10.0,4.0,2.0,0.0,4.0,12.0
fmlrc2,33.3,14.0,4.0,3.0,29.0,4.0,46.0
fmlrc2,33.4,12.0,4.0,1.0,0.0,4.0,13.0
fmlrc2,33.5,11.0,4.0,3.0,5.0,4.0,19.0
fmlrc2,33.6,4.0,4.0,0.0,19.0,4.0,23.0
fmlrc2,33.7,8.0,4.0,0.0,9.0,4.0,17.0
fmlrc2,33.8,11.0,4.0,0.0,8.0,4.0,19.0
fmlrc2,33.9,9.0,4.0,0.0,62.0,4.0,71.0
fmlrc2,34.0,2.0,4.0,0.0,5.0,4.0,7.0
fmlrc2,34.1,4.0,4.0,0.0,23.0,4.0,27.0
fmlrc2,34.2,7.0,4.0,0.0,6.0,4.0,13.0
fmlrc2,34.3,7.0,4.0,0.0,21.0,4.0,28.0
fmlrc2,34.4,5.0,5.0,1.0,8.0,4.0,15.0
fmlrc2,34.5,9.0,5.0,0.0,28.0,4.0,38.0
fmlrc2,34.6,13.0,5.0,0.0,13.0,4.0,27.0
fmlrc2,34.7,9.0,4.0,1.0,0.0,4.0,10.0
fmlrc2,34.8,7.0,5.0,1.0,0.0,5.0,8.0
fmlrc2,34.9,2.0,4.0,0.0,23.0,4.0,25.0
fmlrc2,35.0,7.0,12.0,1.0,0.0,4.0,16.0
fmlrc2,35.1,3.0,4.0,0.0,6.0,4.0,9.0
fmlrc2,35.2,8.0,4.0,0.0,5.0,4.0,13.0
fmlrc2,35.3,1.0,5.0,0.0,0.0,5.0,1.0
fmlrc2,35.4,8.0,4.0,1.0,0.0,4.0,9.0
fmlrc2,35.5,3.0,5.0,0.0,4.0,5.0,7.0
fmlrc2,35.6,6.0,5.0,0.0,0.0,5.0,6.0
fmlrc2,35.7,11.0,3.0,0.0,2.0,3.0,13.0
fmlrc2,35.8,10.0,5.0,0.0,13.0,5.0,23.0
fmlrc2,35.9,3.0,4.0,0.0,6.0,4.0,9.0
fmlrc2,36.0,5.0,3.0,2.0,2.0,3.0,9.0
fmlrc2,36.1,6.0,5.0,0.0,21.0,5.0,27.0
fmlrc2,36.2,4.0,4.0,1.0,2.0,4.0,7.0
fmlrc2,36.3,4.0,4.0,0.0,5.0,4.0,9.0
fmlrc2,36.4,8.0,5.0,1.0,0.0,4.0,10.0
fmlrc2,36.5,3.0,5.0,2.0,2.0,5.0,7.0
fmlrc2,36.6,2.0,4.0,1.0,2.0,4.0,5.0
fmlrc2,36.7,3.0,5.0,0.0,2.0,5.0,5.0
fmlrc2,36.8,2.0,4.0,0.0,8.0,4.0,10.0
fmlrc2,36.9,5.0,4.0,1.0,5.0,1.0,14.0
fmlrc2,37.0,5.0,4.0,1.0,0.0,4.0,6.0
fmlrc2,37.1,5.0,4.0,2.0,4.0,4.0,11.0
fmlrc2,37.2,8.0,4.0,0.0,0.0,4.0,8.0
fmlrc2,37.3,2.0,4.0,0.0,0.0,4.0,2.0
fmlrc2,37.4,0.0,4.0,0.0,0.0,4.0,0.0
fmlrc2,37.5,3.0,5.0,0.0,0.0,5.0,3.0
fmlrc2,37.6,6.0,4.0,1.0,7.0,4.0,14.0
fmlrc2,37.7,9.0,5.0,2.0,18.0,5.0,29.0
fmlrc2,37.8,5.0,5.0,0.0,3.0,5.0,8.0
fmlrc2,37.9,1.0,4.0,0.0,5.0,4.0,6.0
fmlrc2,38.0,2.0,5.0,0.0,0.0,5.0,2.0
fmlrc2,38.1,2.0,7.0,0.0,0.0,7.0,2.0
fmlrc2,38.2,8.0,5.0,2.0,18.0,5.0,28.0
fmlrc2,38.3,5.0,5.0,0.0,0.0,5.0,5.0
fmlrc2,38.4,0.0,5.0,0.0,5.0,5.0,5.0
fmlrc2,38.5,5.0,4.0,0.0,2.0,4.0,7.0
fmlrc2,38.6,1.0,4.0,0.0,0.0,4.0,1.0
fmlrc2,38.7,0.0,4.0,1.0,0.0,4.0,1.0
fmlrc2,38.8,4.0,4.0,0.0,0.0,4.0,4.0
fmlrc2,38.9,2.0,5.0,1.0,0.0,5.0,3.0
fmlrc2,39.0,0.0,4.0,0.0,4.0,4.0,4.0
fmlrc2,39.1,2.0,7.0,1.0,0.0,7.0,3.0
fmlrc2,39.2,3.0,4.0,1.0,0.0,4.0,4.0
fmlrc2,39.3,3.0,5.0,1.0,5.0,4.0,10.0
fmlrc2,39.4,3.0,7.0,1.0,0.0,7.0,4.0
fmlrc2,39.5,0.0,5.0,0.0,0.0,5.0,0.0
fmlrc2,39.6,3.0,7.0,3.0,5.0,7.0,11.0
fmlrc2,39.7,1.0,4.0,0.0,15.0,4.0,16.0
fmlrc2,39.8,1.0,4.0,0.0,0.0,4.0,1.0
fmlrc2,39.9,0.0,4.0,1.0,0.0,4.0,1.0
fmlrc2,40.0,1.0,5.0,0.0,0.0,5.0,1.0
fmlrc2,40.1,14.0,3.0,0.0,0.0,1.0,16.0
fmlrc2,40.2,1.0,7.0,0.0,0.0,7.0,1.0
fmlrc2,40.3,1.0,4.0,1.0,0.0,4.0,2.0
fmlrc2,40.4,4.0,3.0,0.0,2.0,3.0,6.0
fmlrc2,40.5,2.0,4.0,0.0,0.0,4.0,2.0
fmlrc2,40.6,5.0,3.0,0.0,4.0,3.0,9.0
fmlrc2,40.7,5.0,4.0,1.0,0.0,4.0,6.0
fmlrc2,40.8,6.0,4.0,0.0,0.0,4.0,6.0
fmlrc2,40.9,4.0,4.0,0.0,0.0,4.0,4.0
fmlrc2,41.0,0.0,4.0,0.0,0.0,1.0,3.0
fmlrc2,41.1,4.0,7.0,1.0,18.0,4.0,26.0
fmlrc2,41.2,1.0,3.0,0.0,2.0,3.0,3.0
fmlrc2,41.3,0.0,4.0,1.0,0.0,4.0,1.0
fmlrc2,41.4,5.0,4.0,0.0,0.0,4.0,5.0
fmlrc2,41.5,1.0,3.0,0.0,2.0,3.0,3.0
fmlrc2,41.6,4.0,4.0,1.0,0.0,4.0,5.0
fmlrc2,41.7,0.0,1.0,0.0,0.0,1.0,0.0
fmlrc2,41.8,9.0,4.0,0.0,5.0,4.0,14.0
fmlrc2,41.9,0.0,4.0,0.0,0.0,4.0,0.0
fmlrc2,42.0,1.0,4.0,0.0,0.0,4.0,1.0
fmlrc2,42.1,3.0,7.0,2.0,0.0,7.0,5.0
fmlrc2,42.2,1.0,7.0,0.0,4.0,7.0,5.0
fmlrc2,42.3,2.0,4.0,0.0,0.0,4.0,2.0
fmlrc2,42.4,3.0,4.0,0.0,8.0,4.0,11.0
fmlrc2,42.5,5.0,4.0,1.0,0.0,4.0,6.0
fmlrc2,42.6,3.0,7.0,1.0,0.0,7.0,4.0
fmlrc2,42.7,2.0,4.0,1.0,3.0,4.0,6.0
fmlrc2,42.8,0.0,3.0,0.0,2.0,3.0,2.0
fmlrc2,42.9,0.0,7.0,1.0,5.0,7.0,6.0
fmlrc2,43.0,0.0,6.0,1.0,8.0,6.0,9.0
fmlrc2,43.1,8.0,3.0,0.0,2.0,3.0,10.0
fmlrc2,43.2,0.0,7.0,0.0,0.0,7.0,0.0
fmlrc2,43.3,3.0,3.0,1.0,11.0,3.0,15.0
fmlrc2,43.4,3.0,4.0,0.0,0.0,4.0,3.0
fmlrc2,43.5,3.0,5.0,1.0,0.0,5.0,4.0
fmlrc2,43.6,3.0,7.0,0.0,3.0,7.0,6.0
fmlrc2,43.7,2.0,7.0,0.0,2.0,7.0,4.0
fmlrc2,43.8,0.0,5.0,1.0,0.0,5.0,1.0
fmlrc2,43.9,6.0,4.0,1.0,0.0,4.0,7.0
fmlrc2,44.0,0.0,8.0,0.0,0.0,8.0,0.0
fmlrc2,44.1,0.0,4.0,0.0,0.0,4.0,0.0
fmlrc2,44.2,2.0,5.0,1.0,0.0,5.0,3.0
fmlrc2,44.3,9.0,6.0,1.0,2.0,6.0,12.0
fmlrc2,44.4,3.0,7.0,0.0,0.0,7.0,3.0
fmlrc2,44.5,0.0,7.0,0.0,0.0,7.0,0.0
fmlrc2,44.6,0.0,5.0,0.0,0.0,5.0,0.0
fmlrc2,44.7,1.0,7.0,1.0,0.0,7.0,2.0
fmlrc2,44.8,1.0,4.0,2.0,9.0,4.0,12.0
fmlrc2,44.9,0.0,4.0,0.0,0.0,4.0,0.0
fmlrc2,45.0,8.0,4.0,0.0,0.0,4.0,8.0
fmlrc2,45.1,0.0,4.0,0.0,0.0,4.0,0.0
fmlrc2,45.2,9.0,7.0,1.0,0.0,7.0,10.0
fmlrc2,45.3,2.0,3.0,1.0,2.0,3.0,5.0
fmlrc2,45.4,5.0,4.0,0.0,6.0,4.0,11.0
fmlrc2,45.5,3.0,5.0,0.0,2.0,5.0,5.0
fmlrc2,45.6,0.0,5.0,0.0,5.0,5.0,5.0
fmlrc2,45.7,1.0,4.0,0.0,0.0,4.0,1.0
fmlrc2,45.8,2.0,4.0,0.0,0.0,4.0,2.0
fmlrc2,45.9,1.0,7.0,0.0,3.0,7.0,4.0
fmlrc2,46.0,0.0,5.0,0.0,0.0,5.0,0.0
fmlrc2,46.1,2.0,7.0,1.0,0.0,7.0,3.0
fmlrc2,46.2,4.0,5.0,0.0,9.0,5.0,13.0
fmlrc2,46.3,11.0,4.0,0.0,0.0,4.0,11.0
fmlrc2,46.4,0.0,7.0,0.0,0.0,7.0,0.0
fmlrc2,46.5,3.0,4.0,2.0,0.0,4.0,5.0
fmlrc2,46.6,1.0,4.0,0.0,0.0,4.0,1.0
fmlrc2,46.7,1.0,4.0,3.0,0.0,4.0,4.0
fmlrc2,46.8,0.0,7.0,0.0,0.0,7.0,0.0
fmlrc2,46.9,0.0,3.0,0.0,2.0,3.0,2.0
fmlrc2,47.0,1.0,4.0,1.0,4.0,4.0,6.0
fmlrc2,47.1,0.0,4.0,0.0,0.0,4.0,0.0
fmlrc2,47.2,3.0,4.0,0.0,0.0,4.0,3.0
fmlrc2,47.3,1.0,8.0,0.0,0.0,8.0,1.0
fmlrc2,47.4,1.0,7.0,1.0,2.0,7.0,4.0
fmlrc2,47.5,2.0,5.0,1.0,0.0,5.0,3.0
fmlrc2,47.6,5.0,7.0,0.0,0.0,7.0,5.0
fmlrc2,47.7,0.0,1.0,0.0,0.0,1.0,0.0
fmlrc2,47.8,2.0,4.0,0.0,0.0,4.0,2.0
fmlrc2,47.9,2.0,3.0,1.0,2.0,3.0,5.0
fmlrc2,48.0,5.0,7.0,0.0,0.0,7.0,5.0
fmlrc2,48.1,0.0,4.0,0.0,0.0,4.0,0.0
fmlrc2,48.2,2.0,4.0,1.0,0.0,4.0,3.0
fmlrc2,48.3,0.0,4.0,0.0,0.0,4.0,0.0
fmlrc2,48.4,0.0,4.0,0.0,0.0,4.0,0.0
fmlrc2,48.5,2.0,4.0,0.0,0.0,1.0,5.0
fmlrc2,48.6,6.0,7.0,0.0,0.0,7.0,6.0
fmlrc2,48.7,0.0,1.0,0.0,0.0,1.0,0.0
fmlrc2,48.8,0.0,7.0,0.0,0.0,7.0,0.0
fmlrc2,48.9,2.0,7.0,0.0,0.0,7.0,2.0
fmlrc2,49.0,7.0,4.0,0.0,0.0,4.0,7.0
fmlrc2,49.1,0.0,3.0,0.0,2.0,3.0,2.0
fmlrc2,49.2,4.0,7.0,1.0,2.0,7.0,7.0
fmlrc2,49.3,0.0,7.0,0.0,0.0,7.0,0.0
fmlrc2,49.4,0.0,4.0,0.0,0.0,4.0,0.0
fmlrc2,49.5,1.0,7.0,1.0,0.0,7.0,2.0
fmlrc2,49.6,6.0,4.0,0.0,0.0,4.0,6.0
fmlrc2,49.7,0.0,4.0,1.0,0.0,4.0,1.0
fmlrc2,49.8,0.0,7.0,0.0,0.0,7.0,0.0
fmlrc2,49.9,0.0,4.0,0.0,0.0,4.0,0.0
fmlrc2,50.0,0.0,4.0,0.0,0.0,1.0,3.0
hapog,25.0,77.0,2.0,0.0,0.0,1.0,78.0
hapog,25.1,78.0,2.0,0.0,0.0,1.0,79.0
hapog,25.2,80.0,6.0,0.0,0.0,6.0,80.0
hapog,25.3,79.0,2.0,1.0,0.0,1.0,81.0
hapog,25.4,81.0,2.0,1.0,0.0,1.0,83.0
hapog,25.5,69.0,1.0,1.0,0.0,1.0,70.0
hapog,25.6,69.0,3.0,1.0,0.0,2.0,71.0
hapog,25.7,67.0,3.0,0.0,0.0,2.0,68.0
hapog,25.8,76.0,2.0,1.0,0.0,2.0,77.0
hapog,25.9,61.0,1.0,0.0,0.0,0.0,62.0
hapog,26.0,75.0,4.0,1.0,0.0,4.0,76.0
hapog,26.1,66.0,2.0,0.0,0.0,1.0,67.0
hapog,26.2,75.0,4.0,0.0,0.0,3.0,76.0
hapog,26.3,60.0,1.0,0.0,0.0,1.0,60.0
hapog,26.4,48.0,1.0,0.0,0.0,1.0,48.0
hapog,26.5,57.0,3.0,0.0,0.0,2.0,58.0
hapog,26.6,64.0,2.0,0.0,0.0,1.0,65.0
hapog,26.7,60.0,3.0,0.0,0.0,2.0,61.0
hapog,26.8,55.0,4.0,1.0,0.0,4.0,56.0
hapog,26.9,82.0,2.0,0.0,0.0,2.0,82.0
hapog,27.0,51.0,1.0,1.0,0.0,1.0,52.0
hapog,27.1,79.0,1.0,0.0,0.0,1.0,79.0
hapog,27.2,63.0,3.0,2.0,0.0,3.0,65.0
hapog,27.3,48.0,4.0,0.0,0.0,4.0,48.0
hapog,27.4,54.0,2.0,1.0,0.0,2.0,55.0
hapog,27.5,64.0,4.0,0.0,0.0,3.0,65.0
hapog,27.6,68.0,1.0,2.0,0.0,1.0,70.0
hapog,27.7,58.0,3.0,0.0,0.0,2.0,59.0
hapog,27.8,64.0,4.0,0.0,0.0,4.0,64.0
hapog,27.9,48.0,2.0,0.0,0.0,2.0,48.0
hapog,28.0,52.0,1.0,0.0,0.0,1.0,52.0
hapog,28.1,47.0,5.0,0.0,0.0,5.0,47.0
hapog,28.2,61.0,3.0,0.0,0.0,2.0,62.0
hapog,28.3,53.0,4.0,0.0,0.0,4.0,53.0
hapog,28.4,54.0,0.0,0.0,0.0,0.0,54.0
hapog,28.5,43.0,3.0,0.0,0.0,2.0,44.0
hapog,28.6,45.0,3.0,0.0,0.0,3.0,45.0
hapog,28.7,61.0,1.0,0.0,0.0,0.0,62.0
hapog,28.8,58.0,2.0,0.0,0.0,1.0,59.0
hapog,28.9,49.0,2.0,0.0,0.0,2.0,49.0
hapog,29.0,58.0,5.0,1.0,0.0,5.0,59.0
hapog,29.1,47.0,4.0,1.0,0.0,3.0,49.0
hapog,29.2,42.0,4.0,0.0,0.0,3.0,43.0
hapog,29.3,44.0,0.0,0.0,0.0,0.0,44.0
hapog,29.4,35.0,4.0,0.0,0.0,4.0,35.0
hapog,29.5,46.0,2.0,0.0,0.0,1.0,47.0
hapog,29.6,44.0,4.0,1.0,0.0,4.0,45.0
hapog,29.7,61.0,1.0,0.0,0.0,1.0,61.0
hapog,29.8,41.0,7.0,0.0,0.0,5.0,43.0
hapog,29.9,34.0,1.0,1.0,0.0,1.0,35.0
hapog,30.0,44.0,2.0,0.0,2.0,2.0,46.0
hapog,30.1,48.0,1.0,0.0,0.0,1.0,48.0
hapog,30.2,42.0,4.0,0.0,0.0,4.0,42.0
hapog,30.3,37.0,2.0,1.0,0.0,2.0,38.0
hapog,30.4,47.0,2.0,0.0,0.0,1.0,48.0
hapog,30.5,59.0,2.0,1.0,0.0,2.0,60.0
hapog,30.6,36.0,1.0,0.0,0.0,1.0,36.0
hapog,30.7,42.0,0.0,0.0,0.0,0.0,42.0
hapog,30.8,45.0,6.0,0.0,0.0,6.0,45.0
hapog,30.9,37.0,2.0,0.0,0.0,1.0,38.0
hapog,31.0,46.0,1.0,1.0,0.0,1.0,47.0
hapog,31.1,48.0,1.0,0.0,0.0,1.0,48.0
hapog,31.2,34.0,2.0,0.0,0.0,0.0,36.0
hapog,31.3,42.0,1.0,1.0,0.0,1.0,43.0
hapog,31.4,44.0,2.0,0.0,0.0,2.0,44.0
hapog,31.5,32.0,2.0,1.0,0.0,2.0,33.0
hapog,31.6,43.0,1.0,1.0,0.0,0.0,45.0
hapog,31.7,41.0,3.0,0.0,0.0,2.0,42.0
hapog,31.8,38.0,0.0,0.0,0.0,0.0,38.0
hapog,31.9,38.0,1.0,0.0,0.0,1.0,38.0
hapog,32.0,41.0,1.0,2.0,0.0,1.0,43.0
hapog,32.1,50.0,2.0,0.0,0.0,2.0,50.0
hapog,32.2,36.0,4.0,0.0,0.0,4.0,36.0
hapog,32.3,28.0,5.0,1.0,0.0,5.0,29.0
hapog,32.4,40.0,1.0,0.0,0.0,0.0,41.0
hapog,32.5,40.0,2.0,0.0,0.0,1.0,41.0
hapog,32.6,40.0,4.0,0.0,0.0,0.0,44.0
hapog,32.7,41.0,1.0,1.0,0.0,0.0,43.0
hapog,32.8,30.0,4.0,0.0,0.0,4.0,30.0
hapog,32.9,36.0,4.0,1.0,0.0,4.0,37.0
hapog,33.0,39.0,1.0,0.0,0.0,0.0,40.0
hapog,33.1,33.0,1.0,1.0,0.0,1.0,34.0
hapog,33.2,42.0,4.0,1.0,0.0,4.0,43.0
hapog,33.3,39.0,5.0,0.0,0.0,4.0,40.0
hapog,33.4,37.0,2.0,1.0,0.0,1.0,39.0
hapog,33.5,35.0,1.0,0.0,0.0,1.0,35.0
hapog,33.6,30.0,2.0,0.0,0.0,2.0,30.0
hapog,33.7,35.0,1.0,0.0,0.0,0.0,36.0
hapog,33.8,43.0,3.0,0.0,0.0,2.0,44.0
hapog,33.9,27.0,5.0,0.0,0.0,5.0,27.0
hapog,34.0,38.0,3.0,0.0,0.0,0.0,41.0
hapog,34.1,19.0,0.0,0.0,0.0,0.0,19.0
hapog,34.2,30.0,1.0,1.0,0.0,1.0,31.0
hapog,34.3,28.0,3.0,1.0,0.0,3.0,29.0
hapog,34.4,37.0,1.0,0.0,0.0,1.0,37.0
hapog,34.5,20.0,2.0,0.0,0.0,1.0,21.0
hapog,34.6,29.0,2.0,0.0,0.0,1.0,30.0
hapog,34.7,28.0,4.0,1.0,0.0,4.0,29.0
hapog,34.8,29.0,1.0,0.0,0.0,1.0,29.0
hapog,34.9,27.0,0.0,0.0,0.0,0.0,27.0
hapog,35.0,21.0,4.0,1.0,0.0,4.0,22.0
hapog,35.1,28.0,0.0,0.0,0.0,0.0,28.0
hapog,35.2,29.0,2.0,0.0,0.0,1.0,30.0
hapog,35.3,24.0,2.0,3.0,0.0,2.0,27.0
hapog,35.4,34.0,2.0,0.0,0.0,1.0,35.0
hapog,35.5,32.0,4.0,0.0,0.0,4.0,32.0
hapog,35.6,27.0,1.0,0.0,0.0,1.0,27.0
hapog,35.7,33.0,4.0,1.0,0.0,3.0,35.0
hapog,35.8,31.0,4.0,1.0,0.0,3.0,33.0
hapog,35.9,23.0,2.0,1.0,0.0,2.0,24.0
hapog,36.0,30.0,4.0,1.0,0.0,4.0,31.0
hapog,36.1,27.0,3.0,0.0,0.0,1.0,29.0
hapog,36.2,36.0,3.0,0.0,0.0,3.0,36.0
hapog,36.3,26.0,1.0,0.0,0.0,1.0,26.0
hapog,36.4,22.0,1.0,1.0,0.0,1.0,23.0
hapog,36.5,29.0,1.0,1.0,0.0,0.0,31.0
hapog,36.6,25.0,3.0,1.0,0.0,3.0,26.0
hapog,36.7,35.0,4.0,0.0,0.0,4.0,35.0
hapog,36.8,26.0,1.0,0.0,0.0,1.0,26.0
hapog,36.9,20.0,0.0,1.0,0.0,0.0,21.0
hapog,37.0,27.0,5.0,0.0,0.0,4.0,28.0
hapog,37.1,25.0,0.0,1.0,0.0,0.0,26.0
hapog,37.2,27.0,0.0,0.0,0.0,0.0,27.0
hapog,37.3,32.0,5.0,1.0,0.0,4.0,34.0
hapog,37.4,23.0,4.0,0.0,0.0,3.0,24.0
hapog,37.5,24.0,1.0,0.0,0.0,1.0,24.0
hapog,37.6,25.0,2.0,0.0,0.0,1.0,26.0
hapog,37.7,27.0,5.0,1.0,0.0,2.0,31.0
hapog,37.8,28.0,3.0,0.0,0.0,2.0,29.0
hapog,37.9,32.0,2.0,1.0,0.0,1.0,34.0
hapog,38.0,27.0,0.0,0.0,0.0,0.0,27.0
hapog,38.1,24.0,3.0,0.0,0.0,2.0,25.0
hapog,38.2,24.0,1.0,2.0,0.0,1.0,26.0
hapog,38.3,25.0,5.0,0.0,0.0,5.0,25.0
hapog,38.4,19.0,2.0,0.0,0.0,2.0,19.0
hapog,38.5,19.0,2.0,0.0,0.0,2.0,19.0
hapog,38.6,31.0,1.0,0.0,0.0,1.0,31.0
hapog,38.7,22.0,1.0,1.0,0.0,1.0,23.0
hapog,38.8,27.0,1.0,0.0,0.0,1.0,27.0
hapog,38.9,24.0,1.0,1.0,0.0,1.0,25.0
hapog,39.0,21.0,1.0,0.0,0.0,0.0,22.0
hapog,39.1,17.0,1.0,2.0,0.0,1.0,19.0
hapog,39.2,30.0,0.0,0.0,0.0,0.0,30.0
hapog,39.3,16.0,0.0,2.0,0.0,0.0,18.0
hapog,39.4,21.0,2.0,0.0,0.0,2.0,21.0
hapog,39.5,21.0,1.0,0.0,0.0,1.0,21.0
hapog,39.6,23.0,4.0,1.0,0.0,4.0,24.0
hapog,39.7,22.0,1.0,0.0,0.0,0.0,23.0
hapog,39.8,30.0,1.0,0.0,0.0,1.0,30.0
hapog,39.9,31.0,1.0,1.0,0.0,1.0,32.0
hapog,40.0,25.0,0.0,1.0,0.0,0.0,26.0
hapog,40.1,17.0,5.0,0.0,0.0,4.0,18.0
hapog,40.2,24.0,1.0,0.0,0.0,1.0,24.0
hapog,40.3,28.0,1.0,0.0,0.0,1.0,28.0
hapog,40.4,18.0,1.0,0.0,0.0,0.0,19.0
hapog,40.5,19.0,0.0,0.0,0.0,0.0,19.0
hapog,40.6,21.0,0.0,1.0,0.0,0.0,22.0
hapog,40.7,21.0,0.0,0.0,0.0,0.0,21.0
hapog,40.8,24.0,2.0,1.0,0.0,2.0,25.0
hapog,40.9,17.0,3.0,0.0,0.0,2.0,18.0
hapog,41.0,17.0,3.0,0.0,0.0,0.0,20.0
hapog,41.1,20.0,1.0,1.0,0.0,1.0,21.0
hapog,41.2,21.0,0.0,0.0,0.0,0.0,21.0
hapog,41.3,18.0,1.0,1.0,0.0,1.0,19.0
hapog,41.4,17.0,3.0,0.0,0.0,3.0,17.0
hapog,41.5,20.0,2.0,0.0,0.0,1.0,21.0
hapog,41.6,17.0,3.0,0.0,0.0,3.0,17.0
hapog,41.7,14.0,3.0,0.0,0.0,2.0,15.0
hapog,41.8,20.0,0.0,0.0,0.0,0.0,20.0
hapog,41.9,19.0,2.0,0.0,0.0,1.0,20.0
hapog,42.0,19.0,3.0,0.0,0.0,3.0,19.0
hapog,42.1,19.0,0.0,0.0,0.0,0.0,19.0
hapog,42.2,13.0,2.0,0.0,0.0,1.0,14.0
hapog,42.3,27.0,3.0,0.0,0.0,3.0,27.0
hapog,42.4,20.0,2.0,0.0,0.0,1.0,21.0
hapog,42.5,26.0,0.0,1.0,0.0,0.0,27.0
hapog,42.6,22.0,6.0,1.0,0.0,4.0,25.0
hapog,42.7,12.0,0.0,1.0,0.0,0.0,13.0
hapog,42.8,23.0,0.0,0.0,0.0,0.0,23.0
hapog,42.9,22.0,2.0,1.0,0.0,1.0,24.0
hapog,43.0,19.0,3.0,0.0,0.0,1.0,21.0
hapog,43.1,22.0,2.0,0.0,0.0,1.0,23.0
hapog,43.2,19.0,1.0,0.0,0.0,1.0,19.0
hapog,43.3,24.0,1.0,1.0,0.0,1.0,25.0
hapog,43.4,21.0,1.0,0.0,0.0,1.0,21.0
hapog,43.5,10.0,1.0,1.0,0.0,1.0,11.0
hapog,43.6,16.0,2.0,1.0,0.0,1.0,18.0
hapog,43.7,16.0,0.0,0.0,0.0,0.0,16.0
hapog,43.8,23.0,1.0,1.0,0.0,1.0,24.0
hapog,43.9,17.0,1.0,1.0,0.0,1.0,18.0
hapog,44.0,19.0,4.0,0.0,0.0,3.0,20.0
hapog,44.1,15.0,0.0,1.0,0.0,0.0,16.0
hapog,44.2,16.0,2.0,1.0,0.0,1.0,18.0
hapog,44.3,17.0,1.0,1.0,0.0,1.0,18.0
hapog,44.4,21.0,2.0,0.0,0.0,1.0,22.0
hapog,44.5,19.0,1.0,0.0,0.0,1.0,19.0
hapog,44.6,15.0,0.0,1.0,0.0,0.0,16.0
hapog,44.7,20.0,1.0,0.0,0.0,1.0,20.0
hapog,44.8,16.0,4.0,1.0,0.0,4.0,17.0
hapog,44.9,22.0,1.0,0.0,0.0,0.0,23.0
hapog,45.0,14.0,2.0,0.0,0.0,2.0,14.0
hapog,45.1,14.0,1.0,1.0,0.0,0.0,16.0
hapog,45.2,16.0,1.0,1.0,0.0,1.0,17.0
hapog,45.3,14.0,1.0,1.0,0.0,1.0,15.0
hapog,45.4,12.0,3.0,0.0,0.0,3.0,12.0
hapog,45.5,17.0,2.0,0.0,0.0,2.0,17.0
hapog,45.6,14.0,1.0,0.0,0.0,1.0,14.0
hapog,45.7,20.0,4.0,0.0,0.0,4.0,20.0
hapog,45.8,18.0,1.0,0.0,0.0,1.0,18.0
hapog,45.9,14.0,1.0,0.0,0.0,1.0,14.0
hapog,46.0,23.0,4.0,0.0,0.0,4.0,23.0
hapog,46.1,14.0,1.0,1.0,0.0,0.0,16.0
hapog,46.2,29.0,0.0,0.0,0.0,0.0,29.0
hapog,46.3,14.0,1.0,0.0,0.0,1.0,14.0
hapog,46.4,18.0,4.0,1.0,0.0,4.0,19.0
hapog,46.5,23.0,4.0,0.0,2.0,3.0,26.0
hapog,46.6,16.0,1.0,0.0,0.0,0.0,17.0
hapog,46.7,18.0,1.0,0.0,0.0,1.0,18.0
hapog,46.8,11.0,4.0,0.0,0.0,4.0,11.0
hapog,46.9,25.0,3.0,0.0,0.0,0.0,28.0
hapog,47.0,19.0,4.0,1.0,0.0,3.0,21.0
hapog,47.1,14.0,1.0,1.0,0.0,0.0,16.0
hapog,47.2,14.0,1.0,0.0,0.0,1.0,14.0
hapog,47.3,11.0,0.0,0.0,0.0,0.0,11.0
hapog,47.4,20.0,1.0,1.0,0.0,1.0,21.0
hapog,47.5,18.0,1.0,1.0,0.0,0.0,20.0
hapog,47.6,15.0,4.0,0.0,0.0,4.0,15.0
hapog,47.7,18.0,2.0,0.0,0.0,2.0,18.0
hapog,47.8,12.0,1.0,0.0,0.0,0.0,13.0
hapog,47.9,22.0,3.0,0.0,0.0,3.0,22.0
hapog,48.0,14.0,1.0,2.0,0.0,0.0,17.0
hapog,48.1,16.0,0.0,0.0,0.0,0.0,16.0
hapog,48.2,14.0,1.0,0.0,0.0,1.0,14.0
hapog,48.3,15.0,1.0,1.0,0.0,1.0,16.0
hapog,48.4,13.0,1.0,0.0,0.0,1.0,13.0
hapog,48.5,25.0,4.0,1.0,0.0,4.0,26.0
hapog,48.6,15.0,1.0,0.0,0.0,1.0,15.0
hapog,48.7,17.0,3.0,0.0,0.0,1.0,19.0
hapog,48.8,19.0,2.0,0.0,0.0,1.0,20.0
hapog,48.9,19.0,2.0,1.0,0.0,0.0,22.0
hapog,49.0,12.0,0.0,1.0,0.0,0.0,13.0
hapog,49.1,12.0,0.0,0.0,0.0,0.0,12.0
hapog,49.2,12.0,2.0,0.0,0.0,1.0,13.0
hapog,49.3,11.0,1.0,1.0,0.0,0.0,13.0
hapog,49.4,16.0,2.0,1.0,0.0,0.0,19.0
hapog,49.5,22.0,2.0,1.0,0.0,1.0,24.0
hapog,49.6,23.0,0.0,0.0,0.0,0.0,23.0
hapog,49.7,14.0,2.0,0.0,0.0,1.0,15.0
hapog,49.8,15.0,1.0,0.0,0.0,1.0,15.0
hapog,49.9,19.0,2.0,1.0,0.0,1.0,21.0
hapog,50.0,15.0,0.0,0.0,0.0,0.0,15.0
hypo,25.0,35.0,4.0,3.0,0.0,2.0,40.0
hypo,25.1,37.0,2.0,4.0,2.0,2.0,43.0
hypo,25.2,34.0,2.0,0.0,3.0,2.0,37.0
hypo,25.3,42.0,6.0,1.0,0.0,4.0,45.0
hypo,25.4,49.0,1.0,5.0,4.0,2.0,57.0
hypo,25.5,38.0,1.0,2.0,0.0,1.0,40.0
hypo,25.6,34.0,2.0,3.0,2.0,1.0,40.0
hypo,25.7,59.0,3.0,6.0,0.0,3.0,65.0
hypo,25.8,53.0,3.0,8.0,0.0,3.0,61.0
hypo,25.9,35.0,4.0,2.0,0.0,4.0,37.0
hypo,26.0,35.0,3.0,2.0,0.0,2.0,38.0
hypo,26.1,33.0,1.0,5.0,0.0,1.0,38.0
hypo,26.2,38.0,4.0,1.0,0.0,4.0,39.0
hypo,26.3,39.0,3.0,4.0,0.0,3.0,43.0
hypo,26.4,29.0,3.0,2.0,3.0,1.0,36.0
hypo,26.5,38.0,19.0,7.0,0.0,2.0,62.0
hypo,26.6,50.0,3.0,3.0,4.0,2.0,58.0
hypo,26.7,30.0,2.0,0.0,0.0,1.0,31.0
hypo,26.8,42.0,3.0,4.0,0.0,1.0,48.0
hypo,26.9,36.0,2.0,1.0,0.0,1.0,38.0
hypo,27.0,26.0,2.0,1.0,0.0,2.0,27.0
hypo,27.1,34.0,1.0,2.0,0.0,1.0,36.0
hypo,27.2,24.0,2.0,6.0,2.0,2.0,32.0
hypo,27.3,52.0,1.0,4.0,0.0,1.0,56.0
hypo,27.4,35.0,2.0,6.0,2.0,1.0,44.0
hypo,27.5,23.0,1.0,1.0,0.0,0.0,25.0
hypo,27.6,38.0,2.0,3.0,0.0,1.0,42.0
hypo,27.7,22.0,3.0,2.0,0.0,1.0,26.0
hypo,27.8,36.0,2.0,2.0,0.0,2.0,38.0
hypo,27.9,26.0,3.0,2.0,2.0,2.0,31.0
hypo,28.0,41.0,2.0,1.0,0.0,1.0,43.0
hypo,28.1,32.0,4.0,4.0,0.0,4.0,36.0
hypo,28.2,30.0,3.0,5.0,4.0,2.0,40.0
hypo,28.3,42.0,1.0,6.0,0.0,1.0,48.0
hypo,28.4,30.0,2.0,3.0,0.0,1.0,34.0
hypo,28.5,37.0,3.0,1.0,2.0,1.0,42.0
hypo,28.6,28.0,1.0,3.0,0.0,1.0,31.0
hypo,28.7,25.0,1.0,1.0,4.0,1.0,30.0
hypo,28.8,19.0,17.0,1.0,0.0,1.0,36.0
hypo,28.9,31.0,2.0,4.0,0.0,2.0,35.0
hypo,29.0,31.0,2.0,2.0,0.0,2.0,33.0
hypo,29.1,22.0,2.0,3.0,0.0,1.0,26.0
hypo,29.2,29.0,3.0,2.0,0.0,2.0,32.0
hypo,29.3,27.0,2.0,5.0,0.0,1.0,33.0
hypo,29.4,41.0,0.0,3.0,0.0,0.0,44.0
hypo,29.5,26.0,1.0,4.0,3.0,0.0,34.0
hypo,29.6,23.0,2.0,2.0,0.0,2.0,25.0
hypo,29.7,23.0,3.0,1.0,0.0,2.0,25.0
hypo,29.8,31.0,5.0,1.0,0.0,4.0,33.0
hypo,29.9,31.0,1.0,3.0,0.0,1.0,34.0
hypo,30.0,29.0,1.0,2.0,0.0,1.0,31.0
hypo,30.1,36.0,2.0,0.0,0.0,1.0,37.0
hypo,30.2,26.0,2.0,1.0,0.0,2.0,27.0
hypo,30.3,22.0,2.0,3.0,0.0,1.0,26.0
hypo,30.4,25.0,2.0,3.0,0.0,1.0,29.0
hypo,30.5,33.0,5.0,1.0,0.0,4.0,35.0
hypo,30.6,17.0,6.0,1.0,2.0,5.0,21.0
hypo,30.7,22.0,2.0,0.0,0.0,1.0,23.0
hypo,30.8,25.0,3.0,2.0,8.0,2.0,36.0
hypo,30.9,31.0,1.0,11.0,3.0,1.0,45.0
hypo,31.0,29.0,1.0,2.0,0.0,1.0,31.0
hypo,31.1,32.0,2.0,5.0,3.0,2.0,40.0
hypo,31.2,19.0,2.0,1.0,0.0,0.0,22.0
hypo,31.3,24.0,1.0,4.0,0.0,1.0,28.0
hypo,31.4,26.0,2.0,4.0,2.0,2.0,32.0
hypo,31.5,25.0,2.0,7.0,0.0,2.0,32.0
hypo,31.6,24.0,4.0,4.0,0.0,5.0,27.0
hypo,31.7,39.0,2.0,5.0,0.0,2.0,44.0
hypo,31.8,25.0,1.0,3.0,0.0,1.0,28.0
hypo,31.9,31.0,1.0,4.0,0.0,1.0,35.0
hypo,32.0,19.0,3.0,3.0,6.0,1.0,30.0
hypo,32.1,21.0,3.0,4.0,2.0,2.0,28.0
hypo,32.2,24.0,2.0,2.0,0.0,1.0,27.0
hypo,32.3,37.0,3.0,0.0,0.0,2.0,38.0
hypo,32.4,30.0,0.0,1.0,2.0,0.0,33.0
hypo,32.5,33.0,2.0,3.0,0.0,0.0,38.0
hypo,32.6,38.0,3.0,3.0,0.0,1.0,43.0
hypo,32.7,24.0,1.0,5.0,0.0,1.0,29.0
hypo,32.8,20.0,1.0,2.0,0.0,1.0,22.0
hypo,32.9,24.0,2.0,2.0,0.0,1.0,27.0
hypo,33.0,26.0,3.0,2.0,0.0,2.0,29.0
hypo,33.1,20.0,3.0,2.0,0.0,2.0,23.0
hypo,33.2,28.0,4.0,4.0,0.0,3.0,33.0
hypo,33.3,23.0,2.0,1.0,0.0,1.0,25.0
hypo,33.4,16.0,2.0,1.0,0.0,1.0,18.0
hypo,33.5,22.0,5.0,3.0,0.0,4.0,26.0
hypo,33.6,19.0,4.0,3.0,0.0,4.0,22.0
hypo,33.7,23.0,2.0,4.0,0.0,1.0,28.0
hypo,33.8,11.0,2.0,2.0,3.0,1.0,17.0
hypo,33.9,22.0,2.0,12.0,0.0,1.0,35.0
hypo,34.0,9.0,3.0,3.0,0.0,2.0,13.0
hypo,34.1,19.0,1.0,2.0,2.0,1.0,23.0
hypo,34.2,21.0,2.0,7.0,0.0,1.0,29.0
hypo,34.3,16.0,1.0,2.0,0.0,1.0,18.0
hypo,34.4,25.0,1.0,2.0,3.0,1.0,30.0
hypo,34.5,21.0,2.0,1.0,2.0,1.0,25.0
hypo,34.6,26.0,2.0,3.0,3.0,2.0,32.0
hypo,34.7,22.0,1.0,5.0,2.0,1.0,29.0
hypo,34.8,26.0,2.0,1.0,0.0,2.0,27.0
hypo,34.9,22.0,1.0,1.0,0.0,1.0,23.0
hypo,35.0,22.0,2.0,3.0,0.0,1.0,26.0
hypo,35.1,23.0,1.0,1.0,0.0,1.0,24.0
hypo,35.2,12.0,1.0,3.0,4.0,1.0,19.0
hypo,35.3,29.0,1.0,2.0,0.0,1.0,31.0
hypo,35.4,22.0,1.0,0.0,0.0,1.0,22.0
hypo,35.5,22.0,3.0,5.0,0.0,1.0,29.0
hypo,35.6,25.0,2.0,0.0,0.0,1.0,26.0
hypo,35.7,23.0,4.0,2.0,6.0,4.0,31.0
hypo,35.8,18.0,2.0,3.0,0.0,2.0,21.0
hypo,35.9,16.0,2.0,6.0,0.0,2.0,22.0
hypo,36.0,17.0,2.0,3.0,0.0,2.0,20.0
hypo,36.1,17.0,2.0,0.0,7.0,1.0,25.0
hypo,36.2,33.0,2.0,0.0,2.0,2.0,35.0
hypo,36.3,16.0,1.0,8.0,0.0,1.0,24.0
hypo,36.4,22.0,2.0,2.0,2.0,2.0,26.0
hypo,36.5,25.0,2.0,3.0,0.0,1.0,29.0
hypo,36.6,19.0,1.0,6.0,0.0,1.0,25.0
hypo,36.7,17.0,1.0,1.0,2.0,1.0,20.0
hypo,36.8,14.0,2.0,1.0,0.0,2.0,15.0
hypo,36.9,19.0,2.0,1.0,0.0,1.0,21.0
hypo,37.0,21.0,1.0,3.0,7.0,1.0,31.0
hypo,37.1,20.0,1.0,4.0,0.0,1.0,24.0
hypo,37.2,19.0,5.0,2.0,0.0,3.0,23.0
hypo,37.3,12.0,1.0,2.0,0.0,1.0,14.0
hypo,37.4,7.0,3.0,2.0,6.0,2.0,16.0
hypo,37.5,28.0,2.0,2.0,6.0,1.0,37.0
hypo,37.6,19.0,1.0,4.0,0.0,1.0,23.0
hypo,37.7,13.0,3.0,1.0,0.0,1.0,16.0
hypo,37.8,22.0,1.0,1.0,0.0,1.0,23.0
hypo,37.9,15.0,1.0,2.0,4.0,1.0,21.0
hypo,38.0,25.0,2.0,4.0,0.0,1.0,30.0
hypo,38.1,21.0,3.0,0.0,0.0,1.0,23.0
hypo,38.2,11.0,1.0,2.0,3.0,1.0,16.0
hypo,38.3,12.0,1.0,1.0,0.0,0.0,14.0
hypo,38.4,26.0,2.0,1.0,0.0,2.0,27.0
hypo,38.5,24.0,1.0,1.0,0.0,1.0,25.0
hypo,38.6,16.0,1.0,3.0,0.0,1.0,19.0
hypo,38.7,16.0,1.0,13.0,0.0,1.0,29.0
hypo,38.8,23.0,1.0,2.0,2.0,1.0,27.0
hypo,38.9,18.0,19.0,2.0,0.0,1.0,38.0
hypo,39.0,19.0,2.0,3.0,2.0,1.0,25.0
hypo,39.1,23.0,2.0,1.0,0.0,2.0,24.0
hypo,39.2,13.0,0.0,4.0,0.0,0.0,17.0
hypo,39.3,26.0,3.0,3.0,0.0,3.0,29.0
hypo,39.4,19.0,4.0,2.0,2.0,1.0,26.0
hypo,39.5,26.0,1.0,3.0,0.0,1.0,29.0
hypo,39.6,18.0,0.0,1.0,0.0,0.0,19.0
hypo,39.7,16.0,2.0,3.0,0.0,1.0,20.0
hypo,39.8,16.0,1.0,2.0,0.0,1.0,18.0
hypo,39.9,17.0,2.0,4.0,0.0,1.0,22.0
hypo,40.0,15.0,1.0,3.0,0.0,1.0,18.0
hypo,40.1,16.0,4.0,5.0,2.0,2.0,25.0
hypo,40.2,29.0,1.0,4.0,2.0,1.0,35.0
hypo,40.3,20.0,1.0,2.0,0.0,1.0,22.0
hypo,40.4,23.0,4.0,0.0,0.0,1.0,26.0
hypo,40.5,22.0,1.0,2.0,0.0,1.0,24.0
hypo,40.6,24.0,1.0,2.0,2.0,1.0,28.0
hypo,40.7,24.0,1.0,2.0,0.0,1.0,26.0
hypo,40.8,19.0,2.0,1.0,0.0,1.0,21.0
hypo,40.9,27.0,2.0,2.0,0.0,1.0,30.0
hypo,41.0,15.0,2.0,1.0,0.0,1.0,17.0
hypo,41.1,21.0,1.0,3.0,2.0,1.0,26.0
hypo,41.2,16.0,1.0,2.0,0.0,1.0,18.0
hypo,41.3,13.0,2.0,2.0,0.0,2.0,15.0
hypo,41.4,15.0,3.0,1.0,0.0,1.0,18.0
hypo,41.5,18.0,1.0,2.0,0.0,1.0,20.0
hypo,41.6,17.0,1.0,1.0,0.0,1.0,18.0
hypo,41.7,18.0,2.0,1.0,0.0,1.0,20.0
hypo,41.8,20.0,0.0,2.0,0.0,0.0,22.0
hypo,41.9,15.0,1.0,3.0,0.0,1.0,18.0
hypo,42.0,18.0,1.0,2.0,0.0,1.0,20.0
hypo,42.1,15.0,1.0,3.0,0.0,1.0,18.0
hypo,42.2,21.0,2.0,2.0,0.0,1.0,24.0
hypo,42.3,10.0,1.0,3.0,0.0,1.0,13.0
hypo,42.4,12.0,2.0,2.0,0.0,2.0,14.0
hypo,42.5,25.0,1.0,2.0,0.0,1.0,27.0
hypo,42.6,20.0,2.0,3.0,0.0,1.0,24.0
hypo,42.7,15.0,1.0,2.0,0.0,1.0,17.0
hypo,42.8,17.0,1.0,2.0,0.0,1.0,19.0
hypo,42.9,15.0,2.0,4.0,4.0,1.0,24.0
hypo,43.0,20.0,2.0,1.0,0.0,1.0,22.0
hypo,43.1,12.0,2.0,4.0,3.0,1.0,20.0
hypo,43.2,13.0,2.0,1.0,0.0,1.0,15.0
hypo,43.3,15.0,1.0,5.0,0.0,1.0,20.0
hypo,43.4,13.0,1.0,2.0,0.0,1.0,15.0
hypo,43.5,23.0,1.0,9.0,7.0,1.0,39.0
hypo,43.6,22.0,4.0,0.0,0.0,2.0,24.0
hypo,43.7,23.0,0.0,2.0,0.0,0.0,25.0
hypo,43.8,15.0,2.0,2.0,0.0,1.0,18.0
hypo,43.9,13.0,2.0,3.0,0.0,2.0,16.0
hypo,44.0,21.0,2.0,3.0,0.0,1.0,25.0
hypo,44.1,22.0,0.0,15.0,0.0,0.0,37.0
hypo,44.2,15.0,2.0,2.0,0.0,2.0,17.0
hypo,44.3,11.0,2.0,2.0,0.0,2.0,13.0
hypo,44.4,21.0,1.0,2.0,0.0,1.0,23.0
hypo,44.5,21.0,1.0,3.0,0.0,1.0,24.0
hypo,44.6,19.0,1.0,1.0,0.0,1.0,20.0
hypo,44.7,15.0,1.0,3.0,0.0,1.0,18.0
hypo,44.8,19.0,1.0,3.0,0.0,1.0,22.0
hypo,44.9,23.0,10.0,2.0,0.0,1.0,34.0
hypo,45.0,9.0,1.0,1.0,0.0,1.0,10.0
hypo,45.1,18.0,1.0,2.0,0.0,1.0,20.0
hypo,45.2,22.0,1.0,3.0,0.0,1.0,25.0
hypo,45.3,22.0,1.0,1.0,2.0,1.0,25.0
hypo,45.4,21.0,1.0,3.0,0.0,1.0,24.0
hypo,45.5,13.0,2.0,1.0,0.0,2.0,14.0
hypo,45.6,19.0,2.0,4.0,0.0,1.0,24.0
hypo,45.7,12.0,1.0,5.0,0.0,1.0,17.0
hypo,45.8,18.0,1.0,3.0,3.0,1.0,24.0
hypo,45.9,9.0,2.0,2.0,0.0,2.0,11.0
hypo,46.0,17.0,1.0,1.0,0.0,1.0,18.0
hypo,46.1,13.0,2.0,3.0,0.0,1.0,17.0
hypo,46.2,32.0,1.0,4.0,0.0,1.0,36.0
hypo,46.3,24.0,2.0,2.0,0.0,1.0,27.0
hypo,46.4,13.0,1.0,1.0,0.0,1.0,14.0
hypo,46.5,13.0,0.0,3.0,2.0,0.0,18.0
hypo,46.6,16.0,1.0,3.0,0.0,1.0,19.0
hypo,46.7,20.0,1.0,15.0,0.0,1.0,35.0
hypo,46.8,21.0,2.0,9.0,0.0,1.0,31.0
hypo,46.9,15.0,1.0,2.0,0.0,1.0,17.0
hypo,47.0,14.0,2.0,3.0,0.0,1.0,18.0
hypo,47.1,16.0,1.0,4.0,0.0,1.0,20.0
hypo,47.2,19.0,1.0,6.0,0.0,1.0,25.0
hypo,47.3,25.0,4.0,2.0,0.0,4.0,27.0
hypo,47.4,17.0,1.0,2.0,0.0,1.0,19.0
hypo,47.5,12.0,2.0,1.0,0.0,1.0,14.0
hypo,47.6,25.0,1.0,5.0,0.0,1.0,30.0
hypo,47.7,18.0,1.0,3.0,0.0,1.0,21.0
hypo,47.8,20.0,3.0,0.0,0.0,1.0,22.0
hypo,47.9,21.0,1.0,1.0,0.0,1.0,22.0
hypo,48.0,21.0,2.0,2.0,0.0,2.0,23.0
hypo,48.1,17.0,1.0,1.0,0.0,1.0,18.0
hypo,48.2,18.0,1.0,1.0,0.0,1.0,19.0
hypo,48.3,23.0,1.0,1.0,0.0,1.0,24.0
hypo,48.4,16.0,1.0,3.0,0.0,1.0,19.0
hypo,48.5,24.0,2.0,2.0,0.0,2.0,26.0
hypo,48.6,14.0,1.0,3.0,4.0,1.0,21.0
hypo,48.7,14.0,1.0,2.0,0.0,1.0,16.0
hypo,48.8,20.0,1.0,3.0,3.0,1.0,26.0
hypo,48.9,14.0,2.0,0.0,0.0,1.0,15.0
hypo,49.0,18.0,1.0,4.0,0.0,1.0,22.0
hypo,49.1,15.0,1.0,1.0,0.0,1.0,16.0
hypo,49.2,11.0,1.0,2.0,0.0,1.0,13.0
hypo,49.3,16.0,1.0,2.0,0.0,0.0,19.0
hypo,49.4,17.0,1.0,2.0,2.0,1.0,21.0
hypo,49.5,14.0,1.0,1.0,0.0,1.0,15.0
hypo,49.6,16.0,1.0,1.0,13.0,1.0,30.0
hypo,49.7,13.0,3.0,4.0,4.0,1.0,23.0
hypo,49.8,17.0,1.0,2.0,2.0,1.0,21.0
hypo,49.9,11.0,1.0,2.0,0.0,1.0,13.0
hypo,50.0,14.0,0.0,2.0,0.0,0.0,16.0
nextpolish,25.0,14.0,2.0,0.0,0.0,0.0,16.0
nextpolish,25.1,19.0,2.0,0.0,2.0,1.0,22.0
nextpolish,25.2,16.0,1.0,0.0,3.0,0.0,20.0
nextpolish,25.3,15.0,5.0,1.0,0.0,1.0,20.0
nextpolish,25.4,6.0,2.0,2.0,0.0,0.0,10.0
nextpolish,25.5,12.0,1.0,1.0,6.0,1.0,19.0
nextpolish,25.6,27.0,2.0,1.0,4.0,1.0,33.0
nextpolish,25.7,18.0,0.0,0.0,11.0,0.0,29.0
nextpolish,25.8,22.0,1.0,6.0,0.0,1.0,28.0
nextpolish,25.9,17.0,3.0,1.0,5.0,0.0,26.0
nextpolish,26.0,14.0,5.0,1.0,2.0,2.0,20.0
nextpolish,26.1,12.0,3.0,0.0,4.0,1.0,18.0
nextpolish,26.2,12.0,2.0,1.0,5.0,0.0,20.0
nextpolish,26.3,10.0,0.0,1.0,5.0,0.0,16.0
nextpolish,26.4,16.0,2.0,0.0,5.0,1.0,22.0
nextpolish,26.5,10.0,2.0,0.0,4.0,1.0,15.0
nextpolish,26.6,14.0,2.0,1.0,0.0,1.0,16.0
nextpolish,26.7,21.0,1.0,0.0,4.0,1.0,25.0
nextpolish,26.8,12.0,1.0,2.0,0.0,1.0,14.0
nextpolish,26.9,12.0,2.0,0.0,0.0,1.0,13.0
nextpolish,27.0,16.0,0.0,0.0,2.0,0.0,18.0
nextpolish,27.1,15.0,1.0,2.0,3.0,1.0,20.0
nextpolish,27.2,15.0,1.0,2.0,3.0,0.0,21.0
nextpolish,27.3,15.0,0.0,0.0,0.0,0.0,15.0
nextpolish,27.4,12.0,2.0,1.0,0.0,1.0,14.0
nextpolish,27.5,15.0,1.0,0.0,0.0,0.0,16.0
nextpolish,27.6,13.0,1.0,2.0,2.0,0.0,18.0
nextpolish,27.7,8.0,3.0,2.0,0.0,2.0,11.0
nextpolish,27.8,8.0,0.0,0.0,6.0,0.0,14.0
nextpolish,27.9,10.0,2.0,1.0,0.0,1.0,12.0
nextpolish,28.0,5.0,2.0,1.0,0.0,0.0,8.0
nextpolish,28.1,8.0,0.0,0.0,5.0,0.0,13.0
nextpolish,28.2,20.0,1.0,1.0,2.0,0.0,24.0
nextpolish,28.3,18.0,0.0,1.0,0.0,0.0,19.0
nextpolish,28.4,9.0,0.0,0.0,0.0,0.0,9.0
nextpolish,28.5,8.0,3.0,0.0,0.0,1.0,10.0
nextpolish,28.6,17.0,0.0,0.0,0.0,0.0,17.0
nextpolish,28.7,10.0,3.0,1.0,9.0,0.0,23.0
nextpolish,28.8,4.0,2.0,0.0,4.0,1.0,9.0
nextpolish,28.9,19.0,3.0,0.0,2.0,0.0,24.0
nextpolish,29.0,9.0,2.0,1.0,0.0,2.0,10.0
nextpolish,29.1,12.0,2.0,1.0,0.0,0.0,15.0
nextpolish,29.2,6.0,2.0,0.0,0.0,1.0,7.0
nextpolish,29.3,7.0,1.0,1.0,0.0,0.0,9.0
nextpolish,29.4,9.0,0.0,1.0,4.0,0.0,14.0
nextpolish,29.5,10.0,1.0,1.0,6.0,1.0,17.0
nextpolish,29.6,17.0,2.0,1.0,8.0,1.0,27.0
nextpolish,29.7,5.0,2.0,1.0,2.0,1.0,9.0
nextpolish,29.8,9.0,3.0,0.0,3.0,1.0,14.0
nextpolish,29.9,10.0,1.0,0.0,0.0,1.0,10.0
nextpolish,30.0,12.0,2.0,1.0,0.0,1.0,14.0
nextpolish,30.1,11.0,1.0,0.0,5.0,0.0,17.0
nextpolish,30.2,10.0,3.0,1.0,0.0,1.0,13.0
nextpolish,30.3,9.0,0.0,1.0,0.0,0.0,10.0
nextpolish,30.4,6.0,2.0,0.0,4.0,1.0,11.0
nextpolish,30.5,4.0,1.0,1.0,0.0,1.0,5.0
nextpolish,30.6,8.0,0.0,0.0,0.0,0.0,8.0
nextpolish,30.7,2.0,0.0,0.0,0.0,0.0,2.0
nextpolish,30.8,0.0,1.0,1.0,0.0,0.0,2.0
nextpolish,30.9,5.0,2.0,0.0,0.0,1.0,6.0
nextpolish,31.0,7.0,1.0,1.0,0.0,1.0,8.0
nextpolish,31.1,6.0,3.0,2.0,0.0,0.0,11.0
nextpolish,31.2,9.0,1.0,0.0,0.0,0.0,10.0
nextpolish,31.3,7.0,2.0,0.0,0.0,0.0,9.0
nextpolish,31.4,5.0,0.0,0.0,0.0,0.0,5.0
nextpolish,31.5,2.0,4.0,1.0,0.0,1.0,6.0
nextpolish,31.6,11.0,1.0,1.0,2.0,0.0,15.0
nextpolish,31.7,11.0,0.0,1.0,0.0,0.0,12.0
nextpolish,31.8,7.0,0.0,1.0,0.0,0.0,8.0
nextpolish,31.9,5.0,1.0,0.0,0.0,1.0,5.0
nextpolish,32.0,14.0,0.0,2.0,0.0,0.0,16.0
nextpolish,32.1,5.0,1.0,1.0,0.0,1.0,6.0
nextpolish,32.2,5.0,0.0,2.0,0.0,0.0,7.0
nextpolish,32.3,5.0,3.0,1.0,0.0,2.0,7.0
nextpolish,32.4,12.0,1.0,0.0,0.0,0.0,13.0
nextpolish,32.5,6.0,3.0,2.0,4.0,0.0,15.0
nextpolish,32.6,8.0,7.0,0.0,6.0,0.0,21.0
nextpolish,32.7,5.0,1.0,1.0,0.0,1.0,6.0
nextpolish,32.8,6.0,0.0,0.0,0.0,0.0,6.0
nextpolish,32.9,5.0,1.0,1.0,0.0,1.0,6.0
nextpolish,33.0,3.0,2.0,1.0,4.0,0.0,10.0
nextpolish,33.1,8.0,0.0,1.0,3.0,0.0,12.0
nextpolish,33.2,4.0,1.0,1.0,0.0,1.0,5.0
nextpolish,33.3,3.0,1.0,0.0,0.0,1.0,3.0
nextpolish,33.4,5.0,2.0,1.0,4.0,1.0,11.0
nextpolish,33.5,2.0,1.0,0.0,0.0,1.0,2.0
nextpolish,33.6,2.0,1.0,0.0,0.0,1.0,2.0
nextpolish,33.7,2.0,1.0,0.0,0.0,0.0,3.0
nextpolish,33.8,6.0,3.0,1.0,0.0,1.0,9.0
nextpolish,33.9,8.0,2.0,2.0,0.0,0.0,12.0
nextpolish,34.0,2.0,4.0,1.0,0.0,0.0,7.0
nextpolish,34.1,6.0,1.0,1.0,0.0,1.0,7.0
nextpolish,34.2,3.0,1.0,0.0,0.0,1.0,3.0
nextpolish,34.3,12.0,0.0,1.0,0.0,0.0,13.0
nextpolish,34.4,4.0,1.0,1.0,0.0,1.0,5.0
nextpolish,34.5,10.0,3.0,0.0,0.0,0.0,13.0
nextpolish,34.6,7.0,2.0,1.0,0.0,0.0,10.0
nextpolish,34.7,2.0,1.0,1.0,2.0,1.0,5.0
nextpolish,34.8,4.0,2.0,1.0,0.0,1.0,6.0
nextpolish,34.9,6.0,1.0,0.0,4.0,1.0,10.0
nextpolish,35.0,7.0,1.0,2.0,0.0,0.0,10.0
nextpolish,35.1,2.0,0.0,0.0,0.0,0.0,2.0
nextpolish,35.2,2.0,0.0,1.0,0.0,0.0,3.0
nextpolish,35.3,1.0,1.0,1.0,0.0,0.0,3.0
nextpolish,35.4,15.0,2.0,0.0,0.0,1.0,16.0
nextpolish,35.5,9.0,1.0,0.0,0.0,0.0,10.0
nextpolish,35.6,4.0,1.0,0.0,0.0,1.0,4.0
nextpolish,35.7,4.0,1.0,1.0,0.0,0.0,6.0
nextpolish,35.8,0.0,1.0,0.0,2.0,0.0,3.0
nextpolish,35.9,0.0,0.0,1.0,0.0,0.0,1.0
nextpolish,36.0,2.0,1.0,1.0,0.0,1.0,3.0
nextpolish,36.1,1.0,2.0,0.0,3.0,1.0,5.0
nextpolish,36.2,5.0,0.0,0.0,0.0,0.0,5.0
nextpolish,36.3,2.0,2.0,0.0,0.0,0.0,4.0
nextpolish,36.4,3.0,1.0,1.0,2.0,1.0,6.0
nextpolish,36.5,0.0,2.0,1.0,0.0,0.0,3.0
nextpolish,36.6,5.0,1.0,1.0,0.0,0.0,7.0
nextpolish,36.7,0.0,1.0,1.0,0.0,1.0,1.0
nextpolish,36.8,2.0,1.0,0.0,0.0,1.0,2.0
nextpolish,36.9,5.0,0.0,1.0,0.0,0.0,6.0
nextpolish,37.0,9.0,1.0,0.0,0.0,0.0,10.0
nextpolish,37.1,5.0,1.0,1.0,0.0,0.0,7.0
nextpolish,37.2,0.0,0.0,1.0,2.0,0.0,3.0
nextpolish,37.3,3.0,2.0,1.0,0.0,1.0,5.0
nextpolish,37.4,0.0,3.0,0.0,5.0,0.0,8.0
nextpolish,37.5,10.0,2.0,0.0,0.0,1.0,11.0
nextpolish,37.6,2.0,2.0,1.0,0.0,1.0,4.0
nextpolish,37.7,2.0,2.0,2.0,0.0,1.0,5.0
nextpolish,37.8,5.0,1.0,0.0,0.0,1.0,5.0
nextpolish,37.9,2.0,3.0,1.0,0.0,0.0,6.0
nextpolish,38.0,0.0,0.0,1.0,0.0,0.0,1.0
nextpolish,38.1,4.0,3.0,1.0,0.0,1.0,7.0
nextpolish,38.2,4.0,0.0,2.0,0.0,0.0,6.0
nextpolish,38.3,4.0,0.0,0.0,0.0,0.0,4.0
nextpolish,38.4,2.0,1.0,0.0,0.0,1.0,2.0
nextpolish,38.5,2.0,1.0,1.0,0.0,1.0,3.0
nextpolish,38.6,0.0,1.0,0.0,0.0,1.0,0.0
nextpolish,38.7,5.0,1.0,1.0,0.0,1.0,6.0
nextpolish,38.8,0.0,1.0,1.0,0.0,1.0,1.0
nextpolish,38.9,1.0,0.0,1.0,0.0,0.0,2.0
nextpolish,39.0,4.0,2.0,0.0,5.0,0.0,11.0
nextpolish,39.1,1.0,0.0,0.0,0.0,0.0,1.0
nextpolish,39.2,0.0,0.0,1.0,3.0,0.0,4.0
nextpolish,39.3,5.0,0.0,2.0,0.0,0.0,7.0
nextpolish,39.4,5.0,2.0,0.0,0.0,1.0,6.0
nextpolish,39.5,5.0,1.0,0.0,0.0,1.0,5.0
nextpolish,39.6,5.0,0.0,1.0,0.0,0.0,6.0
nextpolish,39.7,3.0,4.0,0.0,0.0,0.0,7.0
nextpolish,39.8,4.0,0.0,1.0,0.0,0.0,5.0
nextpolish,39.9,6.0,0.0,1.0,0.0,0.0,7.0
nextpolish,40.0,4.0,3.0,1.0,0.0,0.0,8.0
nextpolish,40.1,2.0,2.0,2.0,0.0,1.0,5.0
nextpolish,40.2,5.0,0.0,1.0,0.0,0.0,6.0
nextpolish,40.3,10.0,0.0,0.0,0.0,0.0,10.0
nextpolish,40.4,0.0,1.0,0.0,2.0,0.0,3.0
nextpolish,40.5,6.0,0.0,1.0,0.0,0.0,7.0
nextpolish,40.6,2.0,0.0,1.0,0.0,0.0,3.0
nextpolish,40.7,2.0,1.0,2.0,0.0,0.0,5.0
nextpolish,40.8,0.0,2.0,1.0,0.0,0.0,3.0
nextpolish,40.9,2.0,2.0,1.0,0.0,1.0,4.0
nextpolish,41.0,1.0,4.0,0.0,0.0,0.0,5.0
nextpolish,41.1,1.0,0.0,1.0,0.0,0.0,2.0
nextpolish,41.2,9.0,1.0,1.0,5.0,0.0,16.0
nextpolish,41.3,1.0,2.0,1.0,0.0,0.0,4.0
nextpolish,41.5,0.0,2.0,1.0,0.0,1.0,2.0
nextpolish,41.6,3.0,0.0,1.0,0.0,0.0,4.0
nextpolish,41.7,3.0,2.0,0.0,0.0,1.0,4.0
nextpolish,41.8,4.0,3.0,1.0,0.0,0.0,8.0
nextpolish,41.9,8.0,1.0,1.0,0.0,0.0,10.0
nextpolish,42.0,3.0,0.0,0.0,0.0,0.0,3.0
nextpolish,42.1,8.0,0.0,2.0,4.0,0.0,14.0
nextpolish,42.2,1.0,3.0,0.0,0.0,1.0,3.0
nextpolish,42.3,0.0,1.0,1.0,0.0,1.0,1.0
nextpolish,42.4,1.0,2.0,0.0,8.0,1.0,10.0
nextpolish,42.5,2.0,0.0,2.0,0.0,0.0,4.0
nextpolish,42.6,1.0,2.0,1.0,0.0,1.0,3.0
nextpolish,42.7,7.0,0.0,1.0,0.0,0.0,8.0
nextpolish,42.8,9.0,0.0,0.0,0.0,0.0,9.0
nextpolish,42.9,3.0,3.0,1.0,0.0,0.0,7.0
nextpolish,43.0,2.0,1.0,1.0,7.0,0.0,11.0
nextpolish,43.1,4.0,2.0,0.0,0.0,1.0,5.0
nextpolish,43.2,1.0,1.0,0.0,0.0,1.0,1.0
nextpolish,43.3,0.0,2.0,1.0,0.0,1.0,2.0
nextpolish,43.4,3.0,2.0,0.0,0.0,0.0,5.0
nextpolish,43.5,1.0,1.0,1.0,0.0,1.0,2.0
nextpolish,43.6,2.0,2.0,1.0,0.0,1.0,4.0
nextpolish,43.7,5.0,0.0,0.0,0.0,0.0,5.0
nextpolish,43.8,1.0,1.0,1.0,0.0,1.0,2.0
nextpolish,43.9,2.0,0.0,1.0,0.0,0.0,3.0
nextpolish,44.0,0.0,2.0,1.0,0.0,1.0,2.0
nextpolish,44.1,2.0,0.0,2.0,0.0,0.0,4.0
nextpolish,44.2,3.0,1.0,1.0,0.0,1.0,4.0
nextpolish,44.3,3.0,1.0,1.0,0.0,1.0,4.0
nextpolish,44.4,1.0,2.0,0.0,0.0,1.0,2.0
nextpolish,44.5,3.0,0.0,1.0,0.0,0.0,4.0
nextpolish,44.6,4.0,0.0,0.0,0.0,0.0,4.0
nextpolish,44.7,4.0,1.0,0.0,0.0,1.0,4.0
nextpolish,44.8,0.0,1.0,1.0,0.0,1.0,1.0
nextpolish,44.9,1.0,2.0,0.0,0.0,0.0,3.0
nextpolish,45.0,2.0,1.0,0.0,0.0,0.0,3.0
nextpolish,45.1,1.0,0.0,2.0,7.0,0.0,10.0
nextpolish,45.2,5.0,0.0,1.0,0.0,0.0,6.0
nextpolish,45.3,0.0,2.0,1.0,0.0,1.0,2.0
nextpolish,45.4,2.0,1.0,1.0,0.0,0.0,4.0
nextpolish,45.5,5.0,0.0,1.0,0.0,0.0,6.0
nextpolish,45.6,2.0,0.0,1.0,0.0,0.0,3.0
nextpolish,45.7,4.0,1.0,1.0,0.0,0.0,6.0
nextpolish,45.8,2.0,3.0,1.0,0.0,0.0,6.0
nextpolish,45.9,3.0,0.0,0.0,2.0,0.0,5.0
nextpolish,46.0,2.0,2.0,0.0,0.0,1.0,3.0
nextpolish,46.1,3.0,1.0,1.0,0.0,0.0,5.0
nextpolish,46.2,2.0,1.0,1.0,0.0,1.0,3.0
nextpolish,46.3,1.0,2.0,0.0,7.0,1.0,9.0
nextpolish,46.4,3.0,1.0,1.0,0.0,1.0,4.0
nextpolish,46.5,3.0,0.0,1.0,0.0,0.0,4.0
nextpolish,46.6,3.0,1.0,0.0,0.0,0.0,4.0
nextpolish,46.7,2.0,1.0,0.0,0.0,1.0,2.0
nextpolish,46.8,0.0,1.0,0.0,2.0,1.0,2.0
nextpolish,46.9,1.0,3.0,1.0,0.0,0.0,5.0
nextpolish,47.0,3.0,2.0,2.0,0.0,0.0,7.0
nextpolish,47.1,0.0,1.0,1.0,0.0,0.0,2.0
nextpolish,47.2,4.0,1.0,1.0,7.0,1.0,12.0
nextpolish,47.3,2.0,0.0,0.0,0.0,0.0,2.0
nextpolish,47.4,0.0,1.0,1.0,0.0,1.0,1.0
nextpolish,47.5,1.0,2.0,1.0,0.0,1.0,3.0
nextpolish,47.6,0.0,2.0,2.0,0.0,1.0,3.0
nextpolish,47.7,7.0,0.0,1.0,0.0,0.0,8.0
nextpolish,47.8,1.0,1.0,0.0,0.0,0.0,2.0
nextpolish,47.9,1.0,0.0,0.0,2.0,0.0,3.0
nextpolish,48.0,3.0,3.0,1.0,0.0,0.0,7.0
nextpolish,48.1,5.0,1.0,0.0,0.0,1.0,5.0
nextpolish,48.2,5.0,0.0,0.0,0.0,0.0,5.0
nextpolish,48.3,2.0,0.0,0.0,0.0,0.0,2.0
nextpolish,48.4,0.0,1.0,0.0,7.0,1.0,7.0
nextpolish,48.5,2.0,1.0,1.0,0.0,1.0,3.0
nextpolish,48.6,0.0,1.0,0.0,0.0,1.0,0.0
nextpolish,48.7,1.0,2.0,0.0,0.0,0.0,3.0
nextpolish,48.8,3.0,2.0,0.0,0.0,1.0,4.0
nextpolish,48.9,0.0,2.0,1.0,0.0,1.0,2.0
nextpolish,49.0,1.0,1.0,0.0,0.0,1.0,1.0
nextpolish,49.1,1.0,0.0,1.0,0.0,0.0,2.0
nextpolish,49.2,1.0,4.0,1.0,0.0,0.0,6.0
nextpolish,49.3,5.0,1.0,1.0,0.0,0.0,7.0
nextpolish,49.4,4.0,0.0,1.0,0.0,0.0,5.0
nextpolish,49.5,5.0,0.0,1.0,0.0,0.0,6.0
nextpolish,49.6,2.0,0.0,0.0,0.0,0.0,2.0
nextpolish,49.7,0.0,2.0,1.0,0.0,1.0,2.0
nextpolish,49.8,2.0,1.0,1.0,5.0,1.0,8.0
nextpolish,49.9,1.0,3.0,1.0,0.0,0.0,5.0
nextpolish,50.0,3.0,0.0,0.0,0.0,0.0,3.0
pilon,25.0,6.0,220.0,0.0,0.0,4.0,222.0
pilon,25.1,2.0,333.0,0.0,0.0,3.0,332.0
pilon,25.2,3.0,200.0,0.0,0.0,8.0,195.0
pilon,25.3,3.0,241.0,0.0,0.0,4.0,240.0
pilon,25.4,4.0,239.0,0.0,0.0,2.0,241.0
pilon,25.5,3.0,311.0,0.0,0.0,1.0,313.0
pilon,25.6,4.0,5.0,1.0,0.0,5.0,5.0
pilon,25.7,1.0,2.0,0.0,0.0,2.0,1.0
pilon,25.8,2.0,605.0,0.0,0.0,5.0,602.0
pilon,25.9,7.0,43.0,0.0,0.0,4.0,46.0
pilon,26.0,14.0,120.0,0.0,0.0,7.0,127.0
pilon,26.1,6.0,120.0,0.0,0.0,4.0,122.0
pilon,26.2,3.0,4.0,0.0,0.0,4.0,3.0
pilon,26.3,4.0,352.0,0.0,0.0,4.0,352.0
pilon,26.4,10.0,1.0,0.0,0.0,1.0,10.0
pilon,26.5,4.0,5.0,0.0,0.0,5.0,4.0
pilon,26.6,6.0,194.0,0.0,0.0,4.0,196.0
pilon,26.7,3.0,2.0,0.0,0.0,2.0,3.0
pilon,26.8,4.0,220.0,0.0,7.0,4.0,227.0
pilon,26.9,1.0,357.0,0.0,0.0,2.0,356.0
pilon,27.0,5.0,116.0,0.0,3.0,1.0,123.0
pilon,27.1,4.0,4.0,0.0,4.0,4.0,8.0
pilon,27.2,5.0,432.0,1.0,0.0,5.0,433.0
pilon,27.3,1.0,452.0,0.0,0.0,4.0,449.0
pilon,27.4,4.0,1.0,0.0,0.0,1.0,4.0
pilon,27.5,2.0,7.0,0.0,0.0,7.0,2.0
pilon,27.6,1.0,105.0,0.0,0.0,4.0,102.0
pilon,27.7,3.0,2.0,0.0,0.0,2.0,3.0
pilon,27.8,3.0,4.0,0.0,0.0,4.0,3.0
pilon,27.9,6.0,4.0,0.0,0.0,4.0,6.0
pilon,28.0,5.0,85.0,0.0,0.0,8.0,82.0
pilon,28.1,3.0,45.0,0.0,0.0,6.0,42.0
pilon,28.2,1.0,321.0,0.0,0.0,4.0,318.0
pilon,28.3,5.0,114.0,1.0,0.0,8.0,112.0
pilon,28.4,2.0,1.0,0.0,0.0,1.0,2.0
pilon,28.5,1.0,8.0,0.0,0.0,8.0,1.0
pilon,28.6,3.0,43.0,0.0,0.0,4.0,42.0
pilon,28.7,2.0,105.0,0.0,0.0,4.0,103.0
pilon,28.8,1.0,349.0,0.0,0.0,1.0,349.0
pilon,28.9,4.0,5.0,0.0,0.0,5.0,4.0
pilon,29.0,5.0,6.0,0.0,0.0,6.0,5.0
pilon,29.1,1.0,5.0,0.0,0.0,4.0,2.0
pilon,29.2,1.0,219.0,0.0,0.0,7.0,213.0
pilon,29.3,3.0,4.0,0.0,0.0,4.0,3.0
pilon,29.4,2.0,317.0,0.0,0.0,7.0,312.0
pilon,29.5,3.0,7.0,0.0,0.0,7.0,3.0
pilon,29.6,5.0,1.0,0.0,0.0,1.0,5.0
pilon,29.7,1.0,193.0,0.0,0.0,1.0,193.0
pilon,29.8,2.0,183.0,0.0,0.0,6.0,179.0
pilon,29.9,3.0,1.0,0.0,0.0,1.0,3.0
pilon,30.0,2.0,106.0,0.0,0.0,5.0,103.0
pilon,30.1,1.0,7.0,0.0,0.0,7.0,1.0
pilon,30.2,1.0,205.0,0.0,0.0,5.0,201.0
pilon,30.3,1.0,120.0,0.0,0.0,5.0,116.0
pilon,30.4,1.0,122.0,0.0,0.0,7.0,116.0
pilon,30.5,1.0,4.0,0.0,0.0,4.0,1.0
pilon,30.6,0.0,120.0,0.0,0.0,5.0,115.0
pilon,30.7,2.0,4.0,0.0,0.0,4.0,2.0
pilon,30.8,4.0,277.0,0.0,0.0,8.0,273.0
pilon,30.9,5.0,467.0,0.0,0.0,4.0,468.0
pilon,31.0,3.0,4.0,1.0,0.0,4.0,4.0
pilon,31.1,4.0,4.0,0.0,0.0,4.0,4.0
pilon,31.2,3.0,4.0,0.0,0.0,4.0,3.0
pilon,31.3,0.0,4.0,0.0,0.0,4.0,0.0
pilon,31.4,2.0,239.0,0.0,0.0,2.0,239.0
pilon,31.5,4.0,97.0,0.0,0.0,5.0,96.0
pilon,31.6,3.0,469.0,1.0,0.0,1.0,472.0
pilon,31.7,2.0,5.0,0.0,0.0,5.0,2.0
pilon,31.8,4.0,196.0,0.0,0.0,1.0,199.0
pilon,31.9,2.0,98.0,0.0,0.0,7.0,93.0
pilon,32.0,1.0,84.0,0.0,0.0,7.0,78.0
pilon,32.1,7.0,175.0,0.0,0.0,7.0,175.0
pilon,32.2,2.0,5.0,0.0,0.0,5.0,2.0
pilon,32.3,2.0,5.0,1.0,0.0,5.0,3.0
pilon,32.4,1.0,196.0,0.0,0.0,4.0,193.0
pilon,32.5,2.0,393.0,0.0,0.0,1.0,394.0
pilon,32.6,3.0,950.0,0.0,0.0,7.0,946.0
pilon,32.7,1.0,271.0,0.0,0.0,4.0,268.0
pilon,32.8,1.0,4.0,0.0,0.0,4.0,1.0
pilon,32.9,0.0,568.0,0.0,0.0,4.0,564.0
pilon,33.0,1.0,121.0,0.0,0.0,5.0,117.0
pilon,33.1,7.0,172.0,1.0,0.0,4.0,176.0
pilon,33.2,1.0,4.0,1.0,0.0,4.0,2.0
pilon,33.3,0.0,4.0,0.0,0.0,4.0,0.0
pilon,33.4,0.0,1.0,0.0,0.0,1.0,0.0
pilon,33.5,0.0,97.0,0.0,0.0,4.0,93.0
pilon,33.6,1.0,5.0,0.0,0.0,5.0,1.0
pilon,33.7,0.0,1.0,0.0,0.0,1.0,0.0
pilon,33.8,1.0,2.0,0.0,0.0,1.0,2.0
pilon,33.9,0.0,7.0,0.0,0.0,7.0,0.0
pilon,34.0,0.0,7.0,0.0,0.0,7.0,0.0
pilon,34.1,0.0,4.0,1.0,0.0,4.0,1.0
pilon,34.2,1.0,1.0,0.0,0.0,1.0,1.0
pilon,34.3,1.0,4.0,0.0,0.0,4.0,1.0
pilon,34.4,1.0,1.0,0.0,0.0,1.0,1.0
pilon,34.5,2.0,1.0,0.0,0.0,1.0,2.0
pilon,34.6,1.0,8.0,0.0,0.0,8.0,1.0
pilon,34.7,1.0,7.0,1.0,0.0,7.0,2.0
pilon,34.8,0.0,4.0,0.0,0.0,4.0,0.0
pilon,34.9,1.0,566.0,0.0,0.0,7.0,560.0
pilon,35.0,0.0,5.0,0.0,0.0,5.0,0.0
pilon,35.1,1.0,201.0,0.0,0.0,1.0,201.0
pilon,35.2,1.0,4.0,0.0,0.0,4.0,1.0
pilon,35.3,2.0,126.0,0.0,0.0,8.0,120.0
pilon,35.4,2.0,5.0,0.0,0.0,4.0,3.0
pilon,35.5,1.0,4.0,0.0,0.0,4.0,1.0
pilon,35.6,0.0,84.0,0.0,0.0,7.0,77.0
pilon,35.7,3.0,4.0,0.0,0.0,4.0,3.0
pilon,35.8,1.0,4.0,0.0,0.0,4.0,1.0
pilon,35.9,0.0,7.0,1.0,0.0,7.0,1.0
pilon,36.0,2.0,4.0,1.0,0.0,4.0,3.0
pilon,36.1,1.0,5.0,0.0,0.0,5.0,1.0
pilon,36.2,0.0,4.0,0.0,0.0,4.0,0.0
pilon,36.3,3.0,5.0,0.0,0.0,5.0,3.0
pilon,36.4,3.0,5.0,0.0,0.0,5.0,3.0
pilon,36.5,2.0,4.0,0.0,0.0,4.0,2.0
pilon,36.6,1.0,113.0,0.0,0.0,7.0,107.0
pilon,36.7,2.0,4.0,0.0,0.0,4.0,2.0
pilon,36.8,1.0,4.0,0.0,0.0,4.0,1.0
pilon,36.9,2.0,78.0,1.0,0.0,1.0,80.0
pilon,37.0,5.0,4.0,0.0,0.0,4.0,5.0
pilon,37.1,4.0,352.0,0.0,0.0,3.0,353.0
pilon,37.2,0.0,4.0,0.0,0.0,4.0,0.0
pilon,37.3,1.0,4.0,0.0,2.0,4.0,3.0
pilon,37.4,1.0,7.0,0.0,0.0,7.0,1.0
pilon,37.5,1.0,4.0,0.0,0.0,4.0,1.0
pilon,37.6,0.0,2.0,0.0,0.0,2.0,0.0
pilon,37.7,0.0,7.0,0.0,0.0,7.0,0.0
pilon,37.8,0.0,3.0,0.0,0.0,3.0,0.0
pilon,37.9,4.0,5.0,0.0,0.0,5.0,4.0
pilon,38.0,0.0,501.0,0.0,0.0,5.0,496.0
pilon,38.1,2.0,207.0,0.0,0.0,7.0,202.0
pilon,38.2,0.0,353.0,0.0,0.0,5.0,348.0
pilon,38.3,1.0,95.0,0.0,0.0,4.0,92.0
pilon,38.4,0.0,2.0,0.0,0.0,2.0,0.0
pilon,38.5,1.0,5.0,0.0,0.0,5.0,1.0
pilon,38.6,1.0,4.0,0.0,0.0,4.0,1.0
pilon,38.7,1.0,4.0,1.0,0.0,4.0,2.0
pilon,38.8,2.0,4.0,0.0,0.0,4.0,2.0
pilon,38.9,3.0,7.0,1.0,0.0,7.0,4.0
pilon,39.0,0.0,1.0,0.0,0.0,1.0,0.0
pilon,39.1,1.0,2.0,0.0,0.0,2.0,1.0
pilon,39.2,0.0,7.0,0.0,0.0,7.0,0.0
pilon,39.3,5.0,7.0,0.0,0.0,7.0,5.0
pilon,39.4,1.0,7.0,0.0,7.0,7.0,8.0
pilon,39.5,0.0,7.0,0.0,0.0,7.0,0.0
pilon,39.6,0.0,4.0,0.0,0.0,4.0,0.0
pilon,39.7,1.0,4.0,0.0,0.0,4.0,1.0
pilon,39.8,0.0,1.0,0.0,0.0,1.0,0.0
pilon,39.9,0.0,4.0,0.0,0.0,4.0,0.0
pilon,40.0,2.0,4.0,0.0,0.0,5.0,1.0
pilon,40.1,0.0,4.0,0.0,0.0,4.0,0.0
pilon,40.2,2.0,8.0,0.0,0.0,8.0,2.0
pilon,40.3,0.0,1.0,0.0,0.0,1.0,0.0
pilon,40.4,1.0,4.0,0.0,0.0,4.0,1.0
pilon,40.5,0.0,4.0,0.0,0.0,4.0,0.0
pilon,40.6,3.0,4.0,0.0,0.0,4.0,3.0
pilon,40.7,1.0,5.0,0.0,0.0,5.0,1.0
pilon,40.8,1.0,94.0,1.0,0.0,1.0,95.0
pilon,40.9,1.0,1.0,0.0,0.0,1.0,1.0
pilon,41.0,0.0,1.0,0.0,0.0,1.0,0.0
pilon,41.1,3.0,116.0,0.0,0.0,1.0,118.0
pilon,41.2,0.0,3.0,0.0,0.0,3.0,0.0
pilon,41.3,0.0,1.0,1.0,0.0,1.0,1.0
pilon,41.4,0.0,4.0,0.0,0.0,4.0,0.0
pilon,41.5,0.0,5.0,0.0,0.0,5.0,0.0
pilon,41.6,0.0,4.0,0.0,0.0,4.0,0.0
pilon,41.7,0.0,2.0,0.0,0.0,2.0,0.0
pilon,41.8,0.0,1.0,0.0,0.0,1.0,0.0
pilon,41.9,3.0,1.0,0.0,0.0,1.0,3.0
pilon,42.0,1.0,4.0,0.0,0.0,4.0,1.0
pilon,42.1,7.0,4.0,0.0,0.0,4.0,7.0
pilon,42.2,0.0,1.0,0.0,0.0,1.0,0.0
pilon,42.3,1.0,81.0,0.0,0.0,4.0,78.0
pilon,42.4,0.0,5.0,0.0,0.0,5.0,0.0
pilon,42.5,0.0,4.0,0.0,0.0,4.0,0.0
pilon,42.6,3.0,4.0,0.0,0.0,4.0,3.0
pilon,42.7,0.0,2.0,0.0,0.0,2.0,0.0
pilon,42.8,2.0,4.0,0.0,0.0,4.0,2.0
pilon,42.9,0.0,4.0,0.0,0.0,4.0,0.0
pilon,43.0,0.0,7.0,0.0,0.0,7.0,0.0
pilon,43.1,0.0,5.0,0.0,0.0,5.0,0.0
pilon,43.2,0.0,7.0,0.0,0.0,7.0,0.0
pilon,43.3,1.0,1.0,0.0,0.0,1.0,1.0
pilon,43.4,1.0,5.0,0.0,0.0,5.0,1.0
pilon,43.5,0.0,7.0,0.0,0.0,7.0,0.0
pilon,43.6,1.0,1.0,0.0,0.0,1.0,1.0
pilon,43.7,0.0,7.0,0.0,0.0,7.0,0.0
pilon,43.8,1.0,7.0,1.0,0.0,7.0,2.0
pilon,43.9,0.0,4.0,0.0,0.0,4.0,0.0
pilon,44.0,0.0,4.0,0.0,0.0,4.0,0.0
pilon,44.1,0.0,7.0,0.0,0.0,7.0,0.0
pilon,44.2,0.0,7.0,0.0,0.0,7.0,0.0
pilon,44.3,0.0,4.0,1.0,0.0,4.0,1.0
pilon,44.4,0.0,5.0,0.0,0.0,5.0,0.0
pilon,44.5,1.0,7.0,0.0,0.0,7.0,1.0
pilon,44.6,0.0,7.0,0.0,0.0,7.0,0.0
pilon,44.7,0.0,4.0,0.0,0.0,4.0,0.0
pilon,44.8,1.0,7.0,1.0,0.0,7.0,2.0
pilon,44.9,0.0,1.0,0.0,0.0,1.0,0.0
pilon,45.0,0.0,5.0,0.0,0.0,5.0,0.0
pilon,45.1,0.0,4.0,0.0,0.0,4.0,0.0
pilon,45.2,0.0,4.0,0.0,0.0,4.0,0.0
pilon,45.3,0.0,4.0,1.0,0.0,4.0,1.0
pilon,45.4,0.0,4.0,0.0,0.0,4.0,0.0
pilon,45.5,0.0,4.0,0.0,0.0,4.0,0.0
pilon,45.6,1.0,4.0,0.0,0.0,4.0,1.0
pilon,45.7,0.0,4.0,0.0,0.0,4.0,0.0
pilon,45.8,0.0,4.0,0.0,0.0,4.0,0.0
pilon,45.9,1.0,120.0,0.0,0.0,5.0,116.0
pilon,46.0,1.0,7.0,0.0,0.0,7.0,1.0
pilon,46.1,0.0,7.0,0.0,0.0,7.0,0.0
pilon,46.2,0.0,4.0,0.0,0.0,4.0,0.0
pilon,46.3,0.0,4.0,0.0,0.0,4.0,0.0
pilon,46.4,1.0,7.0,0.0,0.0,7.0,1.0
pilon,46.5,1.0,5.0,0.0,0.0,5.0,1.0
pilon,46.6,0.0,2.0,0.0,0.0,1.0,1.0
pilon,46.7,1.0,2.0,0.0,0.0,2.0,1.0
pilon,46.8,0.0,4.0,0.0,0.0,4.0,0.0
pilon,46.9,0.0,1.0,0.0,0.0,1.0,0.0
pilon,47.0,0.0,4.0,1.0,0.0,4.0,1.0
pilon,47.1,1.0,4.0,0.0,0.0,4.0,1.0
pilon,47.2,0.0,4.0,0.0,0.0,4.0,0.0
pilon,47.3,0.0,1.0,0.0,0.0,1.0,0.0
pilon,47.4,0.0,7.0,0.0,0.0,7.0,0.0
pilon,47.5,0.0,1.0,1.0,0.0,1.0,1.0
pilon,47.6,1.0,4.0,0.0,0.0,4.0,1.0
pilon,47.7,1.0,4.0,0.0,0.0,4.0,1.0
pilon,47.8,0.0,5.0,0.0,0.0,4.0,1.0
pilon,47.9,0.0,4.0,0.0,0.0,4.0,0.0
pilon,48.0,0.0,4.0,0.0,0.0,4.0,0.0
pilon,48.1,1.0,4.0,0.0,0.0,4.0,1.0
pilon,48.2,0.0,4.0,0.0,0.0,4.0,0.0
pilon,48.3,0.0,1.0,0.0,0.0,1.0,0.0
pilon,48.4,0.0,4.0,0.0,0.0,4.0,0.0
pilon,48.5,0.0,4.0,0.0,0.0,4.0,0.0
pilon,48.6,0.0,5.0,0.0,0.0,5.0,0.0
pilon,48.7,1.0,4.0,0.0,0.0,4.0,1.0
pilon,48.8,1.0,4.0,0.0,0.0,4.0,1.0
pilon,48.9,0.0,4.0,0.0,0.0,4.0,0.0
pilon,49.0,2.0,4.0,0.0,0.0,4.0,2.0
pilon,49.1,0.0,4.0,0.0,0.0,4.0,0.0
pilon,49.2,0.0,7.0,0.0,0.0,7.0,0.0
pilon,49.3,1.0,4.0,0.0,0.0,4.0,1.0
pilon,49.4,0.0,4.0,0.0,0.0,4.0,0.0
pilon,49.5,0.0,4.0,0.0,0.0,4.0,0.0
pilon,49.6,0.0,5.0,0.0,0.0,5.0,0.0
pilon,49.7,0.0,2.0,0.0,0.0,1.0,1.0
pilon,49.8,0.0,4.0,0.0,0.0,4.0,0.0
pilon,49.9,1.0,2.0,0.0,0.0,2.0,1.0
pilon,50.0,0.0,4.0,0.0,0.0,4.0,0.0
polypolish,25.0,0.0,11.0,0.0,0.0,11.0,0.0
polypolish,25.1,0.0,10.0,0.0,0.0,10.0,0.0
polypolish,25.2,0.0,13.0,0.0,0.0,13.0,0.0
polypolish,25.3,0.0,10.0,0.0,0.0,10.0,0.0
polypolish,25.4,0.0,7.0,0.0,0.0,7.0,0.0
polypolish,25.5,0.0,7.0,0.0,0.0,7.0,0.0
polypolish,25.6,0.0,12.0,0.0,0.0,12.0,0.0
polypolish,25.7,0.0,14.0,0.0,0.0,14.0,0.0
polypolish,25.8,0.0,9.0,0.0,0.0,9.0,0.0
polypolish,25.9,0.0,12.0,0.0,0.0,12.0,0.0
polypolish,26.0,0.0,8.0,0.0,0.0,8.0,0.0
polypolish,26.1,0.0,9.0,0.0,0.0,9.0,0.0
polypolish,26.2,0.0,5.0,0.0,0.0,5.0,0.0
polypolish,26.3,0.0,9.0,0.0,0.0,9.0,0.0
polypolish,26.4,0.0,6.0,0.0,0.0,6.0,0.0
polypolish,26.5,1.0,9.0,0.0,0.0,9.0,1.0
polypolish,26.6,0.0,8.0,0.0,0.0,8.0,0.0
polypolish,26.7,0.0,8.0,0.0,0.0,8.0,0.0
polypolish,26.8,0.0,8.0,0.0,0.0,8.0,0.0
polypolish,26.9,1.0,10.0,0.0,0.0,10.0,1.0
polypolish,27.0,0.0,6.0,0.0,0.0,6.0,0.0
polypolish,27.1,0.0,4.0,0.0,0.0,4.0,0.0
polypolish,27.2,0.0,8.0,0.0,0.0,8.0,0.0
polypolish,27.3,0.0,5.0,0.0,0.0,5.0,0.0
polypolish,27.4,0.0,2.0,0.0,0.0,2.0,0.0
polypolish,27.5,1.0,9.0,0.0,0.0,9.0,1.0
polypolish,27.6,0.0,9.0,0.0,0.0,9.0,0.0
polypolish,27.7,0.0,9.0,0.0,0.0,9.0,0.0
polypolish,27.8,0.0,5.0,0.0,0.0,5.0,0.0
polypolish,27.9,0.0,8.0,0.0,0.0,8.0,0.0
polypolish,28.0,0.0,7.0,0.0,0.0,7.0,0.0
polypolish,28.1,0.0,10.0,0.0,0.0,10.0,0.0
polypolish,28.2,0.0,8.0,0.0,0.0,8.0,0.0
polypolish,28.3,0.0,11.0,0.0,0.0,11.0,0.0
polypolish,28.4,0.0,9.0,0.0,0.0,9.0,0.0
polypolish,28.5,0.0,5.0,0.0,0.0,5.0,0.0
polypolish,28.6,0.0,8.0,0.0,0.0,8.0,0.0
polypolish,28.7,0.0,11.0,0.0,0.0,11.0,0.0
polypolish,28.8,0.0,7.0,0.0,0.0,7.0,0.0
polypolish,28.9,0.0,9.0,0.0,0.0,9.0,0.0
polypolish,29.0,0.0,8.0,0.0,0.0,8.0,0.0
polypolish,29.1,0.0,8.0,0.0,0.0,8.0,0.0
polypolish,29.2,1.0,9.0,0.0,0.0,9.0,1.0
polypolish,29.3,0.0,9.0,0.0,0.0,9.0,0.0
polypolish,29.4,0.0,8.0,0.0,0.0,8.0,0.0
polypolish,29.5,0.0,7.0,0.0,0.0,7.0,0.0
polypolish,29.6,0.0,8.0,0.0,0.0,8.0,0.0
polypolish,29.7,1.0,10.0,0.0,0.0,10.0,1.0
polypolish,29.8,0.0,8.0,0.0,0.0,8.0,0.0
polypolish,29.9,0.0,10.0,0.0,0.0,10.0,0.0
polypolish,30.0,0.0,9.0,0.0,0.0,9.0,0.0
polypolish,30.1,0.0,7.0,0.0,0.0,7.0,0.0
polypolish,30.2,0.0,6.0,0.0,0.0,6.0,0.0
polypolish,30.3,0.0,8.0,0.0,0.0,8.0,0.0
polypolish,30.4,1.0,8.0,0.0,0.0,8.0,1.0
polypolish,30.5,0.0,5.0,0.0,0.0,5.0,0.0
polypolish,30.6,0.0,7.0,0.0,0.0,7.0,0.0
polypolish,30.7,0.0,9.0,0.0,0.0,9.0,0.0
polypolish,30.8,0.0,9.0,0.0,0.0,9.0,0.0
polypolish,30.9,0.0,7.0,0.0,0.0,7.0,0.0
polypolish,31.0,0.0,8.0,0.0,0.0,8.0,0.0
polypolish,31.1,0.0,2.0,0.0,0.0,2.0,0.0
polypolish,31.2,0.0,8.0,0.0,0.0,8.0,0.0
polypolish,31.3,0.0,6.0,0.0,0.0,6.0,0.0
polypolish,31.4,0.0,6.0,0.0,0.0,6.0,0.0
polypolish,31.5,0.0,9.0,0.0,0.0,9.0,0.0
polypolish,31.6,0.0,8.0,0.0,0.0,8.0,0.0
polypolish,31.7,0.0,10.0,0.0,0.0,10.0,0.0
polypolish,31.8,0.0,7.0,0.0,0.0,7.0,0.0
polypolish,31.9,0.0,11.0,0.0,0.0,11.0,0.0
polypolish,32.0,0.0,8.0,0.0,0.0,8.0,0.0
polypolish,32.1,0.0,11.0,0.0,0.0,11.0,0.0
polypolish,32.2,1.0,8.0,0.0,0.0,8.0,1.0
polypolish,32.3,0.0,8.0,0.0,0.0,8.0,0.0
polypolish,32.4,0.0,8.0,0.0,0.0,8.0,0.0
polypolish,32.5,0.0,7.0,0.0,0.0,7.0,0.0
polypolish,32.6,0.0,8.0,0.0,0.0,8.0,0.0
polypolish,32.7,0.0,8.0,0.0,0.0,8.0,0.0
polypolish,32.8,0.0,9.0,0.0,0.0,9.0,0.0
polypolish,32.9,0.0,8.0,0.0,0.0,8.0,0.0
polypolish,33.0,0.0,12.0,0.0,0.0,12.0,0.0
polypolish,33.1,0.0,8.0,0.0,0.0,8.0,0.0
polypolish,33.2,0.0,8.0,0.0,0.0,8.0,0.0
polypolish,33.3,0.0,7.0,0.0,0.0,7.0,0.0
polypolish,33.4,0.0,5.0,0.0,0.0,5.0,0.0
polypolish,33.5,0.0,2.0,0.0,0.0,2.0,0.0
polypolish,33.6,0.0,8.0,0.0,0.0,8.0,0.0
polypolish,33.7,0.0,10.0,0.0,0.0,10.0,0.0
polypolish,33.8,0.0,2.0,0.0,0.0,2.0,0.0
polypolish,33.9,0.0,7.0,0.0,0.0,7.0,0.0
polypolish,34.0,0.0,8.0,0.0,0.0,8.0,0.0
polypolish,34.1,0.0,8.0,0.0,0.0,8.0,0.0
polypolish,34.2,0.0,1.0,0.0,0.0,1.0,0.0
polypolish,34.3,0.0,11.0,0.0,0.0,11.0,0.0
polypolish,34.4,0.0,5.0,0.0,0.0,5.0,0.0
polypolish,34.5,0.0,7.0,0.0,0.0,7.0,0.0
polypolish,34.6,0.0,6.0,0.0,0.0,6.0,0.0
polypolish,34.7,0.0,9.0,0.0,0.0,9.0,0.0
polypolish,34.8,0.0,8.0,0.0,0.0,8.0,0.0
polypolish,34.9,0.0,8.0,0.0,0.0,8.0,0.0
polypolish,35.0,0.0,9.0,0.0,0.0,9.0,0.0
polypolish,35.1,0.0,5.0,0.0,0.0,5.0,0.0
polypolish,35.2,0.0,10.0,0.0,0.0,10.0,0.0
polypolish,35.3,0.0,8.0,0.0,0.0,8.0,0.0
polypolish,35.4,0.0,6.0,0.0,0.0,6.0,0.0
polypolish,35.5,0.0,8.0,0.0,0.0,8.0,0.0
polypolish,35.6,0.0,6.0,0.0,0.0,6.0,0.0
polypolish,35.7,0.0,10.0,0.0,0.0,10.0,0.0
polypolish,35.8,0.0,7.0,0.0,0.0,7.0,0.0
polypolish,35.9,0.0,8.0,0.0,0.0,8.0,0.0
polypolish,36.0,0.0,9.0,0.0,0.0,9.0,0.0
polypolish,36.1,0.0,9.0,0.0,0.0,9.0,0.0
polypolish,36.2,0.0,9.0,0.0,0.0,9.0,0.0
polypolish,36.3,0.0,3.0,0.0,0.0,3.0,0.0
polypolish,36.4,0.0,8.0,0.0,0.0,8.0,0.0
polypolish,36.5,0.0,9.0,0.0,0.0,9.0,0.0
polypolish,36.6,0.0,7.0,0.0,0.0,7.0,0.0
polypolish,36.7,0.0,8.0,0.0,0.0,8.0,0.0
polypolish,36.8,0.0,6.0,0.0,0.0,6.0,0.0
polypolish,36.9,0.0,1.0,0.0,0.0,1.0,0.0
polypolish,37.0,0.0,7.0,0.0,0.0,7.0,0.0
polypolish,37.1,0.0,10.0,0.0,0.0,10.0,0.0
polypolish,37.2,0.0,7.0,0.0,0.0,7.0,0.0
polypolish,37.3,0.0,6.0,0.0,0.0,6.0,0.0
polypolish,37.4,0.0,8.0,0.0,0.0,8.0,0.0
polypolish,37.5,0.0,10.0,0.0,0.0,10.0,0.0
polypolish,37.6,0.0,10.0,0.0,0.0,10.0,0.0
polypolish,37.7,0.0,8.0,0.0,0.0,8.0,0.0
polypolish,37.8,0.0,10.0,0.0,0.0,10.0,0.0
polypolish,37.9,0.0,8.0,0.0,0.0,8.0,0.0
polypolish,38.0,0.0,8.0,0.0,0.0,8.0,0.0
polypolish,38.1,0.0,7.0,0.0,0.0,7.0,0.0
polypolish,38.2,0.0,8.0,0.0,0.0,8.0,0.0
polypolish,38.3,0.0,8.0,0.0,0.0,8.0,0.0
polypolish,38.4,0.0,9.0,0.0,0.0,9.0,0.0
polypolish,38.5,0.0,10.0,0.0,0.0,10.0,0.0
polypolish,38.6,0.0,4.0,0.0,0.0,4.0,0.0
polypolish,38.7,0.0,2.0,0.0,0.0,2.0,0.0
polypolish,38.8,0.0,5.0,0.0,0.0,5.0,0.0
polypolish,38.9,0.0,6.0,0.0,0.0,6.0,0.0
polypolish,39.0,0.0,4.0,0.0,0.0,4.0,0.0
polypolish,39.1,0.0,5.0,0.0,0.0,5.0,0.0
polypolish,39.2,0.0,4.0,0.0,0.0,4.0,0.0
polypolish,39.3,0.0,9.0,0.0,0.0,9.0,0.0
polypolish,39.4,0.0,8.0,0.0,0.0,8.0,0.0
polypolish,39.5,0.0,7.0,0.0,0.0,7.0,0.0
polypolish,39.6,0.0,8.0,0.0,0.0,8.0,0.0
polypolish,39.7,0.0,5.0,0.0,0.0,5.0,0.0
polypolish,39.8,0.0,7.0,0.0,0.0,7.0,0.0
polypolish,39.9,0.0,5.0,0.0,0.0,5.0,0.0
polypolish,40.0,0.0,7.0,0.0,0.0,7.0,0.0
polypolish,40.1,0.0,8.0,0.0,0.0,8.0,0.0
polypolish,40.2,0.0,8.0,0.0,0.0,8.0,0.0
polypolish,40.3,0.0,2.0,0.0,0.0,2.0,0.0
polypolish,40.4,0.0,9.0,0.0,0.0,9.0,0.0
polypolish,40.5,0.0,5.0,0.0,0.0,5.0,0.0
polypolish,40.6,0.0,8.0,0.0,0.0,8.0,0.0
polypolish,40.7,0.0,5.0,0.0,0.0,5.0,0.0
polypolish,40.8,0.0,4.0,0.0,0.0,4.0,0.0
polypolish,40.9,0.0,8.0,0.0,0.0,8.0,0.0
polypolish,41.0,0.0,8.0,0.0,0.0,8.0,0.0
polypolish,41.1,0.0,10.0,0.0,0.0,10.0,0.0
polypolish,41.2,0.0,7.0,0.0,0.0,7.0,0.0
polypolish,41.3,0.0,4.0,0.0,0.0,4.0,0.0
polypolish,41.4,0.0,5.0,0.0,0.0,5.0,0.0
polypolish,41.5,0.0,6.0,0.0,0.0,6.0,0.0
polypolish,41.6,0.0,8.0,0.0,0.0,8.0,0.0
polypolish,41.7,0.0,1.0,0.0,0.0,1.0,0.0
polypolish,41.8,0.0,4.0,0.0,0.0,4.0,0.0
polypolish,41.9,0.0,1.0,0.0,0.0,1.0,0.0
polypolish,42.0,0.0,8.0,0.0,0.0,8.0,0.0
polypolish,42.1,0.0,8.0,0.0,0.0,8.0,0.0
polypolish,42.2,0.0,8.0,0.0,0.0,8.0,0.0
polypolish,42.3,0.0,7.0,0.0,0.0,7.0,0.0
polypolish,42.4,0.0,4.0,0.0,0.0,4.0,0.0
polypolish,42.5,0.0,7.0,0.0,0.0,7.0,0.0
polypolish,42.6,0.0,8.0,0.0,0.0,8.0,0.0
polypolish,42.7,0.0,6.0,0.0,0.0,6.0,0.0
polypolish,42.8,0.0,4.0,0.0,0.0,4.0,0.0
polypolish,42.9,0.0,7.0,0.0,0.0,7.0,0.0
polypolish,43.0,0.0,5.0,0.0,0.0,5.0,0.0
polypolish,43.1,0.0,9.0,0.0,0.0,9.0,0.0
polypolish,43.2,0.0,7.0,0.0,0.0,7.0,0.0
polypolish,43.3,0.0,8.0,0.0,0.0,8.0,0.0
polypolish,43.4,0.0,2.0,0.0,0.0,2.0,0.0
polypolish,43.5,0.0,5.0,0.0,0.0,5.0,0.0
polypolish,43.6,0.0,5.0,0.0,0.0,5.0,0.0
polypolish,43.7,0.0,9.0,0.0,0.0,9.0,0.0
polypolish,43.8,0.0,8.0,0.0,0.0,8.0,0.0
polypolish,43.9,0.0,7.0,0.0,0.0,7.0,0.0
polypolish,44.0,0.0,7.0,0.0,0.0,7.0,0.0
polypolish,44.1,0.0,7.0,0.0,0.0,7.0,0.0
polypolish,44.2,0.0,7.0,0.0,0.0,7.0,0.0
polypolish,44.3,0.0,7.0,0.0,0.0,7.0,0.0
polypolish,44.4,0.0,10.0,0.0,0.0,10.0,0.0
polypolish,44.5,0.0,8.0,0.0,0.0,8.0,0.0
polypolish,44.6,0.0,8.0,0.0,0.0,8.0,0.0
polypolish,44.7,0.0,1.0,0.0,0.0,1.0,0.0
polypolish,44.8,0.0,4.0,0.0,0.0,4.0,0.0
polypolish,44.9,0.0,4.0,0.0,0.0,4.0,0.0
polypolish,45.0,0.0,8.0,0.0,0.0,8.0,0.0
polypolish,45.1,0.0,7.0,0.0,0.0,7.0,0.0
polypolish,45.2,0.0,4.0,0.0,0.0,4.0,0.0
polypolish,45.3,0.0,9.0,0.0,0.0,9.0,0.0
polypolish,45.4,0.0,7.0,0.0,0.0,7.0,0.0
polypolish,45.5,0.0,7.0,0.0,0.0,7.0,0.0
polypolish,45.6,0.0,9.0,0.0,0.0,9.0,0.0
polypolish,45.7,0.0,6.0,0.0,0.0,6.0,0.0
polypolish,45.8,0.0,5.0,0.0,0.0,5.0,0.0
polypolish,45.9,0.0,10.0,0.0,0.0,10.0,0.0
polypolish,46.0,0.0,8.0,0.0,0.0,8.0,0.0
polypolish,46.1,0.0,7.0,0.0,0.0,7.0,0.0
polypolish,46.2,0.0,7.0,0.0,0.0,7.0,0.0
polypolish,46.3,0.0,7.0,0.0,0.0,7.0,0.0
polypolish,46.4,0.0,8.0,0.0,0.0,8.0,0.0
polypolish,46.5,0.0,9.0,0.0,0.0,9.0,0.0
polypolish,46.6,0.0,2.0,0.0,0.0,2.0,0.0
polypolish,46.7,0.0,2.0,0.0,0.0,2.0,0.0
polypolish,46.8,0.0,7.0,0.0,0.0,7.0,0.0
polypolish,46.9,0.0,4.0,0.0,0.0,4.0,0.0
polypolish,47.0,0.0,7.0,0.0,0.0,7.0,0.0
polypolish,47.1,0.0,7.0,0.0,0.0,7.0,0.0
polypolish,47.2,0.0,9.0,0.0,0.0,9.0,0.0
polypolish,47.3,0.0,3.0,0.0,0.0,3.0,0.0
polypolish,47.4,0.0,8.0,0.0,0.0,8.0,0.0
polypolish,47.5,0.0,6.0,0.0,0.0,6.0,0.0
polypolish,47.6,0.0,7.0,0.0,0.0,7.0,0.0
polypolish,47.7,0.0,4.0,0.0,0.0,4.0,0.0
polypolish,47.8,0.0,5.0,0.0,0.0,5.0,0.0
polypolish,47.9,0.0,8.0,0.0,0.0,8.0,0.0
polypolish,48.0,0.0,9.0,0.0,0.0,9.0,0.0
polypolish,48.1,0.0,7.0,0.0,0.0,7.0,0.0
polypolish,48.2,0.0,4.0,0.0,0.0,4.0,0.0
polypolish,48.3,0.0,7.0,0.0,0.0,7.0,0.0
polypolish,48.4,0.0,3.0,0.0,0.0,3.0,0.0
polypolish,48.5,0.0,4.0,0.0,0.0,4.0,0.0
polypolish,48.6,0.0,10.0,0.0,0.0,10.0,0.0
polypolish,48.7,0.0,5.0,0.0,0.0,5.0,0.0
polypolish,48.8,0.0,5.0,0.0,0.0,5.0,0.0
polypolish,48.9,0.0,7.0,0.0,0.0,7.0,0.0
polypolish,49.0,0.0,7.0,0.0,0.0,7.0,0.0
polypolish,49.1,0.0,8.0,0.0,0.0,8.0,0.0
polypolish,49.2,0.0,7.0,0.0,0.0,7.0,0.0
polypolish,49.3,0.0,6.0,0.0,0.0,6.0,0.0
polypolish,49.4,0.0,7.0,0.0,0.0,7.0,0.0
polypolish,49.5,0.0,4.0,0.0,0.0,4.0,0.0
polypolish,49.6,0.0,3.0,0.0,0.0,3.0,0.0
polypolish,49.7,0.0,7.0,0.0,0.0,7.0,0.0
polypolish,49.8,0.0,4.0,0.0,0.0,4.0,0.0
polypolish,49.9,0.0,6.0,0.0,0.0,6.0,0.0
polypolish,50.0,0.0,7.0,0.0,0.0,7.0,0.0
polypolish-careful,25.0,0.0,11.0,0.0,0.0,11.0,0.0
polypolish-careful,25.1,0.0,10.0,0.0,0.0,10.0,0.0
polypolish-careful,25.2,0.0,13.0,0.0,0.0,13.0,0.0
polypolish-careful,25.3,0.0,11.0,0.0,0.0,11.0,0.0
polypolish-careful,25.4,0.0,7.0,0.0,0.0,7.0,0.0
polypolish-careful,25.5,0.0,8.0,0.0,0.0,8.0,0.0
polypolish-careful,25.6,0.0,12.0,0.0,0.0,12.0,0.0
polypolish-careful,25.7,0.0,14.0,0.0,0.0,14.0,0.0
polypolish-careful,25.8,0.0,9.0,0.0,0.0,9.0,0.0
polypolish-careful,25.9,0.0,12.0,0.0,0.0,12.0,0.0
polypolish-careful,26.0,0.0,8.0,0.0,0.0,8.0,0.0
polypolish-careful,26.1,0.0,10.0,0.0,0.0,10.0,0.0
polypolish-careful,26.2,0.0,6.0,0.0,0.0,6.0,0.0
polypolish-careful,26.3,0.0,9.0,0.0,0.0,9.0,0.0
polypolish-careful,26.4,0.0,6.0,0.0,0.0,6.0,0.0
polypolish-careful,26.5,0.0,9.0,0.0,0.0,9.0,0.0
polypolish-careful,26.6,0.0,8.0,0.0,0.0,8.0,0.0
polypolish-careful,26.7,0.0,8.0,0.0,0.0,8.0,0.0
polypolish-careful,26.8,0.0,8.0,0.0,0.0,8.0,0.0
polypolish-careful,26.9,0.0,10.0,0.0,0.0,10.0,0.0
polypolish-careful,27.0,0.0,6.0,0.0,0.0,6.0,0.0
polypolish-careful,27.1,0.0,5.0,0.0,0.0,5.0,0.0
polypolish-careful,27.2,0.0,8.0,0.0,0.0,8.0,0.0
polypolish-careful,27.3,0.0,5.0,0.0,0.0,5.0,0.0
polypolish-careful,27.4,0.0,2.0,0.0,0.0,2.0,0.0
polypolish-careful,27.5,0.0,10.0,0.0,0.0,10.0,0.0
polypolish-careful,27.6,0.0,9.0,0.0,0.0,9.0,0.0
polypolish-careful,27.7,0.0,10.0,0.0,0.0,10.0,0.0
polypolish-careful,27.8,0.0,5.0,0.0,0.0,5.0,0.0
polypolish-careful,27.9,0.0,8.0,0.0,0.0,8.0,0.0
polypolish-careful,28.0,0.0,7.0,0.0,0.0,7.0,0.0
polypolish-careful,28.1,0.0,10.0,0.0,0.0,10.0,0.0
polypolish-careful,28.2,0.0,8.0,0.0,0.0,8.0,0.0
polypolish-careful,28.3,0.0,11.0,0.0,0.0,11.0,0.0
polypolish-careful,28.4,0.0,9.0,0.0,0.0,9.0,0.0
polypolish-careful,28.5,0.0,5.0,0.0,0.0,5.0,0.0
polypolish-careful,28.6,0.0,8.0,0.0,0.0,8.0,0.0
polypolish-careful,28.7,0.0,11.0,0.0,0.0,11.0,0.0
polypolish-careful,28.8,0.0,8.0,0.0,0.0,8.0,0.0
polypolish-careful,28.9,0.0,10.0,0.0,0.0,10.0,0.0
polypolish-careful,29.0,0.0,8.0,0.0,0.0,8.0,0.0
polypolish-careful,29.1,0.0,8.0,0.0,0.0,8.0,0.0
polypolish-careful,29.2,0.0,9.0,0.0,0.0,9.0,0.0
polypolish-careful,29.3,0.0,9.0,0.0,0.0,9.0,0.0
polypolish-careful,29.4,0.0,8.0,0.0,0.0,8.0,0.0
polypolish-careful,29.5,0.0,8.0,0.0,0.0,8.0,0.0
polypolish-careful,29.6,0.0,7.0,0.0,0.0,7.0,0.0
polypolish-careful,29.7,0.0,10.0,0.0,0.0,10.0,0.0
polypolish-careful,29.8,0.0,8.0,0.0,0.0,8.0,0.0
polypolish-careful,29.9,0.0,11.0,0.0,0.0,11.0,0.0
polypolish-careful,30.0,0.0,9.0,0.0,0.0,9.0,0.0
polypolish-careful,30.1,0.0,7.0,0.0,0.0,7.0,0.0
polypolish-careful,30.2,0.0,6.0,0.0,0.0,6.0,0.0
polypolish-careful,30.3,0.0,8.0,0.0,0.0,8.0,0.0
polypolish-careful,30.4,0.0,8.0,0.0,0.0,8.0,0.0
polypolish-careful,30.5,0.0,5.0,0.0,0.0,5.0,0.0
polypolish-careful,30.6,0.0,7.0,0.0,0.0,7.0,0.0
polypolish-careful,30.7,0.0,9.0,0.0,0.0,9.0,0.0
polypolish-careful,30.8,0.0,9.0,0.0,0.0,9.0,0.0
polypolish-careful,30.9,0.0,8.0,0.0,0.0,8.0,0.0
polypolish-careful,31.0,0.0,7.0,0.0,0.0,7.0,0.0
polypolish-careful,31.1,0.0,3.0,0.0,0.0,3.0,0.0
polypolish-careful,31.2,0.0,8.0,0.0,0.0,8.0,0.0
polypolish-careful,31.3,0.0,7.0,0.0,0.0,7.0,0.0
polypolish-careful,31.4,0.0,7.0,0.0,0.0,7.0,0.0
polypolish-careful,31.5,0.0,9.0,0.0,0.0,9.0,0.0
polypolish-careful,31.6,0.0,8.0,0.0,0.0,8.0,0.0
polypolish-careful,31.7,0.0,10.0,0.0,0.0,10.0,0.0
polypolish-careful,31.8,0.0,6.0,0.0,0.0,6.0,0.0
polypolish-careful,31.9,0.0,11.0,0.0,0.0,11.0,0.0
polypolish-careful,32.0,0.0,8.0,0.0,0.0,8.0,0.0
polypolish-careful,32.1,0.0,11.0,0.0,0.0,11.0,0.0
polypolish-careful,32.2,1.0,9.0,0.0,0.0,9.0,1.0
polypolish-careful,32.3,0.0,9.0,0.0,0.0,9.0,0.0
polypolish-careful,32.4,0.0,7.0,0.0,0.0,7.0,0.0
polypolish-careful,32.5,0.0,7.0,0.0,0.0,7.0,0.0
polypolish-careful,32.6,0.0,8.0,0.0,0.0,8.0,0.0
polypolish-careful,32.7,0.0,8.0,0.0,0.0,8.0,0.0
polypolish-careful,32.8,0.0,10.0,0.0,0.0,10.0,0.0
polypolish-careful,32.9,0.0,8.0,0.0,0.0,8.0,0.0
polypolish-careful,33.0,0.0,12.0,0.0,0.0,12.0,0.0
polypolish-careful,33.1,0.0,9.0,0.0,0.0,9.0,0.0
polypolish-careful,33.2,0.0,8.0,0.0,0.0,8.0,0.0
polypolish-careful,33.3,0.0,7.0,0.0,0.0,7.0,0.0
polypolish-careful,33.4,0.0,5.0,0.0,0.0,5.0,0.0
polypolish-careful,33.5,0.0,3.0,0.0,0.0,3.0,0.0
polypolish-careful,33.6,0.0,8.0,0.0,0.0,8.0,0.0
polypolish-careful,33.7,0.0,10.0,0.0,0.0,10.0,0.0
polypolish-careful,33.8,0.0,2.0,0.0,0.0,2.0,0.0
polypolish-careful,33.9,0.0,7.0,0.0,0.0,7.0,0.0
polypolish-careful,34.0,0.0,8.0,0.0,0.0,8.0,0.0
polypolish-careful,34.1,0.0,8.0,0.0,0.0,8.0,0.0
polypolish-careful,34.2,0.0,2.0,0.0,0.0,2.0,0.0
polypolish-careful,34.3,0.0,11.0,0.0,0.0,11.0,0.0
polypolish-careful,34.4,0.0,6.0,0.0,0.0,6.0,0.0
polypolish-careful,34.5,0.0,7.0,0.0,0.0,7.0,0.0
polypolish-careful,34.6,0.0,6.0,0.0,0.0,6.0,0.0
polypolish-careful,34.7,0.0,9.0,0.0,0.0,9.0,0.0
polypolish-careful,34.8,0.0,8.0,0.0,0.0,8.0,0.0
polypolish-careful,34.9,0.0,9.0,0.0,0.0,9.0,0.0
polypolish-careful,35.0,0.0,9.0,0.0,0.0,9.0,0.0
polypolish-careful,35.1,0.0,6.0,0.0,0.0,6.0,0.0
polypolish-careful,35.2,0.0,10.0,0.0,0.0,10.0,0.0
polypolish-careful,35.3,0.0,8.0,0.0,0.0,8.0,0.0
polypolish-careful,35.4,0.0,7.0,0.0,0.0,7.0,0.0
polypolish-careful,35.5,0.0,8.0,0.0,0.0,8.0,0.0
polypolish-careful,35.6,0.0,6.0,0.0,0.0,6.0,0.0
polypolish-careful,35.7,0.0,10.0,0.0,0.0,10.0,0.0
polypolish-careful,35.8,0.0,8.0,0.0,0.0,8.0,0.0
polypolish-careful,35.9,0.0,8.0,0.0,0.0,8.0,0.0
polypolish-careful,36.0,0.0,9.0,0.0,0.0,9.0,0.0
polypolish-careful,36.1,0.0,9.0,0.0,0.0,9.0,0.0
polypolish-careful,36.2,0.0,9.0,0.0,0.0,9.0,0.0
polypolish-careful,36.3,0.0,3.0,0.0,0.0,3.0,0.0
polypolish-careful,36.4,0.0,8.0,0.0,0.0,8.0,0.0
polypolish-careful,36.5,0.0,9.0,0.0,0.0,9.0,0.0
polypolish-careful,36.6,0.0,7.0,0.0,0.0,7.0,0.0
polypolish-careful,36.7,0.0,7.0,0.0,0.0,7.0,0.0
polypolish-careful,36.8,0.0,6.0,0.0,0.0,6.0,0.0
polypolish-careful,36.9,0.0,1.0,0.0,0.0,1.0,0.0
polypolish-careful,37.0,0.0,7.0,0.0,0.0,7.0,0.0
polypolish-careful,37.1,0.0,10.0,0.0,0.0,10.0,0.0
polypolish-careful,37.2,0.0,8.0,0.0,0.0,8.0,0.0
polypolish-careful,37.3,0.0,7.0,0.0,0.0,7.0,0.0
polypolish-careful,37.4,0.0,8.0,0.0,0.0,8.0,0.0
polypolish-careful,37.5,0.0,9.0,0.0,0.0,9.0,0.0
polypolish-careful,37.6,0.0,10.0,0.0,0.0,10.0,0.0
polypolish-careful,37.7,0.0,8.0,0.0,0.0,8.0,0.0
polypolish-careful,37.8,0.0,10.0,0.0,0.0,10.0,0.0
polypolish-careful,37.9,0.0,8.0,0.0,0.0,8.0,0.0
polypolish-careful,38.0,0.0,8.0,0.0,0.0,8.0,0.0
polypolish-careful,38.1,0.0,7.0,0.0,0.0,7.0,0.0
polypolish-careful,38.2,0.0,8.0,0.0,0.0,8.0,0.0
polypolish-careful,38.3,0.0,8.0,0.0,0.0,8.0,0.0
polypolish-careful,38.4,0.0,9.0,0.0,0.0,9.0,0.0
polypolish-careful,38.5,0.0,10.0,0.0,0.0,10.0,0.0
polypolish-careful,38.6,0.0,5.0,0.0,0.0,5.0,0.0
polypolish-careful,38.7,0.0,2.0,0.0,0.0,2.0,0.0
polypolish-careful,38.8,0.0,5.0,0.0,0.0,5.0,0.0
polypolish-careful,38.9,0.0,7.0,0.0,0.0,7.0,0.0
polypolish-careful,39.0,0.0,5.0,0.0,0.0,5.0,0.0
polypolish-careful,39.1,0.0,5.0,0.0,0.0,5.0,0.0
polypolish-careful,39.2,0.0,4.0,0.0,0.0,4.0,0.0
polypolish-careful,39.3,0.0,8.0,0.0,0.0,8.0,0.0
polypolish-careful,39.4,0.0,8.0,0.0,0.0,8.0,0.0
polypolish-careful,39.5,0.0,7.0,0.0,0.0,7.0,0.0
polypolish-careful,39.6,0.0,9.0,0.0,0.0,9.0,0.0
polypolish-careful,39.7,0.0,5.0,0.0,0.0,5.0,0.0
polypolish-careful,39.8,0.0,7.0,0.0,0.0,7.0,0.0
polypolish-careful,39.9,0.0,6.0,0.0,0.0,6.0,0.0
polypolish-careful,40.0,0.0,7.0,0.0,0.0,7.0,0.0
polypolish-careful,40.1,0.0,8.0,0.0,0.0,8.0,0.0
polypolish-careful,40.2,0.0,8.0,0.0,0.0,8.0,0.0
polypolish-careful,40.3,0.0,3.0,0.0,0.0,3.0,0.0
polypolish-careful,40.4,0.0,9.0,0.0,0.0,9.0,0.0
polypolish-careful,40.5,0.0,5.0,0.0,0.0,5.0,0.0
polypolish-careful,40.6,0.0,8.0,0.0,0.0,8.0,0.0
polypolish-careful,40.7,0.0,5.0,0.0,0.0,5.0,0.0
polypolish-careful,40.8,0.0,5.0,0.0,0.0,5.0,0.0
polypolish-careful,40.9,0.0,8.0,0.0,0.0,8.0,0.0
polypolish-careful,41.0,0.0,8.0,0.0,0.0,8.0,0.0
polypolish-careful,41.1,0.0,11.0,0.0,0.0,11.0,0.0
polypolish-careful,41.2,0.0,8.0,0.0,0.0,8.0,0.0
polypolish-careful,41.3,0.0,4.0,0.0,0.0,4.0,0.0
polypolish-careful,41.4,0.0,5.0,0.0,0.0,5.0,0.0
polypolish-careful,41.5,0.0,6.0,0.0,0.0,6.0,0.0
polypolish-careful,41.6,0.0,8.0,0.0,0.0,8.0,0.0
polypolish-careful,41.7,0.0,2.0,0.0,0.0,2.0,0.0
polypolish-careful,41.8,0.0,5.0,0.0,0.0,5.0,0.0
polypolish-careful,41.9,0.0,2.0,0.0,0.0,2.0,0.0
polypolish-careful,42.0,0.0,9.0,0.0,0.0,9.0,0.0
polypolish-careful,42.1,0.0,8.0,0.0,0.0,8.0,0.0
polypolish-careful,42.2,0.0,8.0,0.0,0.0,8.0,0.0
polypolish-careful,42.3,0.0,7.0,0.0,0.0,7.0,0.0
polypolish-careful,42.4,0.0,4.0,0.0,0.0,4.0,0.0
polypolish-careful,42.5,0.0,7.0,0.0,0.0,7.0,0.0
polypolish-careful,42.6,0.0,8.0,0.0,0.0,8.0,0.0
polypolish-careful,42.7,0.0,6.0,0.0,0.0,6.0,0.0
polypolish-careful,42.8,0.0,4.0,0.0,0.0,4.0,0.0
polypolish-careful,42.9,0.0,8.0,0.0,0.0,8.0,0.0
polypolish-careful,43.0,0.0,5.0,0.0,0.0,5.0,0.0
polypolish-careful,43.1,0.0,9.0,0.0,0.0,9.0,0.0
polypolish-careful,43.2,0.0,8.0,0.0,0.0,8.0,0.0
polypolish-careful,43.3,0.0,8.0,0.0,0.0,8.0,0.0
polypolish-careful,43.4,0.0,2.0,0.0,0.0,2.0,0.0
polypolish-careful,43.5,0.0,5.0,0.0,0.0,5.0,0.0
polypolish-careful,43.6,0.0,5.0,0.0,0.0,5.0,0.0
polypolish-careful,43.7,0.0,9.0,0.0,0.0,9.0,0.0
polypolish-careful,43.8,0.0,8.0,0.0,0.0,8.0,0.0
polypolish-careful,43.9,0.0,7.0,0.0,0.0,7.0,0.0
polypolish-careful,44.0,0.0,7.0,0.0,0.0,7.0,0.0
polypolish-careful,44.1,0.0,8.0,0.0,0.0,8.0,0.0
polypolish-careful,44.2,0.0,7.0,0.0,0.0,7.0,0.0
polypolish-careful,44.3,0.0,7.0,0.0,0.0,7.0,0.0
polypolish-careful,44.4,0.0,10.0,0.0,0.0,10.0,0.0
polypolish-careful,44.5,0.0,8.0,0.0,0.0,8.0,0.0
polypolish-careful,44.6,0.0,8.0,0.0,0.0,8.0,0.0
polypolish-careful,44.7,0.0,1.0,0.0,0.0,1.0,0.0
polypolish-careful,44.8,0.0,4.0,0.0,0.0,4.0,0.0
polypolish-careful,44.9,0.0,4.0,0.0,0.0,4.0,0.0
polypolish-careful,45.0,0.0,8.0,0.0,0.0,8.0,0.0
polypolish-careful,45.1,0.0,8.0,0.0,0.0,8.0,0.0
polypolish-careful,45.2,0.0,4.0,0.0,0.0,4.0,0.0
polypolish-careful,45.3,0.0,9.0,0.0,0.0,9.0,0.0
polypolish-careful,45.4,0.0,7.0,0.0,0.0,7.0,0.0
polypolish-careful,45.5,0.0,8.0,0.0,0.0,8.0,0.0
polypolish-careful,45.6,0.0,8.0,0.0,0.0,8.0,0.0
polypolish-careful,45.7,0.0,6.0,0.0,0.0,6.0,0.0
polypolish-careful,45.8,0.0,5.0,0.0,0.0,5.0,0.0
polypolish-careful,45.9,0.0,10.0,0.0,0.0,10.0,0.0
polypolish-careful,46.0,0.0,8.0,0.0,0.0,8.0,0.0
polypolish-careful,46.1,0.0,7.0,0.0,0.0,7.0,0.0
polypolish-careful,46.2,0.0,7.0,0.0,0.0,7.0,0.0
polypolish-careful,46.3,0.0,7.0,0.0,0.0,7.0,0.0
polypolish-careful,46.4,0.0,8.0,0.0,0.0,8.0,0.0
polypolish-careful,46.5,0.0,9.0,0.0,0.0,9.0,0.0
polypolish-careful,46.6,0.0,2.0,0.0,0.0,2.0,0.0
polypolish-careful,46.7,0.0,2.0,0.0,0.0,2.0,0.0
polypolish-careful,46.8,0.0,8.0,0.0,0.0,8.0,0.0
polypolish-careful,46.9,0.0,5.0,0.0,0.0,5.0,0.0
polypolish-careful,47.0,0.0,8.0,0.0,0.0,8.0,0.0
polypolish-careful,47.1,0.0,8.0,0.0,0.0,8.0,0.0
polypolish-careful,47.2,0.0,8.0,0.0,0.0,8.0,0.0
polypolish-careful,47.3,0.0,4.0,0.0,0.0,4.0,0.0
polypolish-careful,47.4,0.0,8.0,0.0,0.0,8.0,0.0
polypolish-careful,47.5,0.0,6.0,0.0,0.0,6.0,0.0
polypolish-careful,47.6,0.0,7.0,0.0,0.0,7.0,0.0
polypolish-careful,47.7,0.0,4.0,0.0,0.0,4.0,0.0
polypolish-careful,47.8,0.0,4.0,0.0,0.0,4.0,0.0
polypolish-careful,47.9,0.0,9.0,0.0,0.0,9.0,0.0
polypolish-careful,48.0,0.0,9.0,0.0,0.0,9.0,0.0
polypolish-careful,48.1,0.0,7.0,0.0,0.0,7.0,0.0
polypolish-careful,48.2,0.0,4.0,0.0,0.0,4.0,0.0
polypolish-careful,48.3,0.0,7.0,0.0,0.0,7.0,0.0
polypolish-careful,48.4,0.0,3.0,0.0,0.0,3.0,0.0
polypolish-careful,48.5,0.0,4.0,0.0,0.0,4.0,0.0
polypolish-careful,48.6,0.0,10.0,0.0,0.0,10.0,0.0
polypolish-careful,48.7,0.0,5.0,0.0,0.0,5.0,0.0
polypolish-careful,48.8,0.0,5.0,0.0,0.0,5.0,0.0
polypolish-careful,48.9,0.0,7.0,0.0,0.0,7.0,0.0
polypolish-careful,49.0,0.0,7.0,0.0,0.0,7.0,0.0
polypolish-careful,49.1,0.0,8.0,0.0,0.0,8.0,0.0
polypolish-careful,49.2,0.0,7.0,0.0,0.0,7.0,0.0
polypolish-careful,49.3,0.0,7.0,0.0,0.0,7.0,0.0
polypolish-careful,49.4,0.0,7.0,0.0,0.0,7.0,0.0
polypolish-careful,49.5,0.0,4.0,0.0,0.0,4.0,0.0
polypolish-careful,49.6,0.0,2.0,0.0,0.0,2.0,0.0
polypolish-careful,49.7,0.0,7.0,0.0,0.0,7.0,0.0
polypolish-careful,49.8,0.0,4.0,0.0,0.0,4.0,0.0
polypolish-careful,49.9,0.0,6.0,0.0,0.0,6.0,0.0
polypolish-careful,50.0,0.0,8.0,0.0,0.0,8.0,0.0
pypolca,25.0,2.0,1.0,0.0,0.0,1.0,2.0
pypolca,25.1,3.0,24.0,1.0,0.0,1.0,27.0
pypolca,25.2,0.0,2.0,0.0,0.0,1.0,1.0
pypolca,25.3,3.0,2.0,0.0,0.0,1.0,4.0
pypolca,25.4,0.0,3.0,0.0,0.0,1.0,2.0
pypolca,25.5,2.0,1.0,0.0,0.0,1.0,2.0
pypolca,25.6,4.0,1.0,1.0,0.0,1.0,5.0
pypolca,25.7,0.0,1.0,0.0,0.0,1.0,0.0
pypolca,25.8,0.0,1.0,5.0,0.0,1.0,5.0
pypolca,25.9,3.0,1.0,0.0,0.0,1.0,3.0
pypolca,26.0,0.0,7.0,1.0,0.0,1.0,7.0
pypolca,26.1,1.0,1.0,0.0,0.0,1.0,1.0
pypolca,26.2,0.0,1.0,0.0,0.0,1.0,0.0
pypolca,26.3,1.0,0.0,1.0,0.0,0.0,2.0
pypolca,26.4,0.0,1.0,0.0,0.0,1.0,0.0
pypolca,26.5,0.0,1.0,0.0,0.0,1.0,0.0
pypolca,26.6,0.0,1.0,1.0,0.0,1.0,1.0
pypolca,26.7,1.0,1.0,0.0,0.0,1.0,1.0
pypolca,26.8,0.0,1.0,1.0,0.0,1.0,1.0
pypolca,26.9,2.0,2.0,0.0,0.0,1.0,3.0
pypolca,27.0,0.0,1.0,0.0,0.0,1.0,0.0
pypolca,27.1,0.0,1.0,0.0,0.0,1.0,0.0
pypolca,27.2,0.0,1.0,1.0,0.0,1.0,1.0
pypolca,27.3,0.0,1.0,0.0,0.0,1.0,0.0
pypolca,27.4,1.0,2.0,1.0,0.0,1.0,3.0
pypolca,27.5,0.0,1.0,0.0,0.0,1.0,0.0
pypolca,27.6,0.0,1.0,0.0,0.0,1.0,0.0
pypolca,27.7,1.0,2.0,0.0,0.0,2.0,1.0
pypolca,27.9,0.0,2.0,0.0,0.0,1.0,1.0
pypolca,28.0,1.0,2.0,0.0,0.0,1.0,2.0
pypolca,28.2,4.0,1.0,0.0,0.0,1.0,4.0
pypolca,28.3,1.0,4.0,0.0,0.0,1.0,4.0
pypolca,28.5,1.0,1.0,0.0,0.0,1.0,1.0
pypolca,28.6,0.0,1.0,0.0,0.0,1.0,0.0
pypolca,28.7,0.0,1.0,1.0,0.0,1.0,1.0
pypolca,28.8,0.0,1.0,0.0,0.0,1.0,0.0
pypolca,28.9,0.0,1.0,0.0,0.0,1.0,0.0
pypolca,29.0,1.0,2.0,1.0,0.0,2.0,2.0
pypolca,29.1,1.0,5.0,1.0,0.0,2.0,5.0
pypolca,29.2,0.0,2.0,0.0,0.0,2.0,0.0
pypolca,29.3,3.0,2.0,1.0,0.0,1.0,5.0
pypolca,29.4,1.0,2.0,0.0,0.0,1.0,2.0
pypolca,29.5,0.0,1.0,1.0,0.0,1.0,1.0
pypolca,29.6,4.0,1.0,1.0,0.0,1.0,5.0
pypolca,29.7,1.0,1.0,0.0,0.0,1.0,1.0
pypolca,29.8,2.0,1.0,0.0,0.0,1.0,2.0
pypolca,29.9,3.0,1.0,0.0,0.0,1.0,3.0
pypolca,30.0,0.0,2.0,1.0,0.0,1.0,2.0
pypolca,30.1,1.0,1.0,0.0,0.0,0.0,2.0
pypolca,30.2,0.0,2.0,1.0,3.0,1.0,5.0
pypolca,30.3,0.0,1.0,0.0,0.0,1.0,0.0
pypolca,30.4,1.0,2.0,0.0,0.0,1.0,2.0
pypolca,30.5,0.0,1.0,1.0,0.0,1.0,1.0
pypolca,30.6,1.0,0.0,0.0,0.0,0.0,1.0
pypolca,30.7,1.0,1.0,0.0,0.0,1.0,1.0
pypolca,30.8,1.0,3.0,0.0,0.0,2.0,2.0
pypolca,30.9,0.0,1.0,0.0,0.0,1.0,0.0
pypolca,31.0,3.0,1.0,1.0,0.0,1.0,4.0
pypolca,31.1,0.0,2.0,0.0,0.0,1.0,1.0
pypolca,31.3,0.0,1.0,0.0,0.0,1.0,0.0
pypolca,31.4,1.0,0.0,0.0,0.0,0.0,1.0
pypolca,31.5,2.0,3.0,1.0,0.0,2.0,4.0
pypolca,31.6,5.0,2.0,1.0,0.0,1.0,7.0
pypolca,31.7,0.0,2.0,1.0,0.0,2.0,1.0
pypolca,31.8,1.0,1.0,1.0,0.0,1.0,2.0
pypolca,31.9,0.0,1.0,0.0,0.0,1.0,0.0
pypolca,32.0,0.0,2.0,1.0,0.0,2.0,1.0
pypolca,32.1,0.0,2.0,0.0,0.0,2.0,0.0
pypolca,32.2,1.0,1.0,0.0,0.0,1.0,1.0
pypolca,32.3,0.0,2.0,1.0,0.0,2.0,1.0
pypolca,32.4,0.0,1.0,1.0,0.0,1.0,1.0
pypolca,32.5,2.0,2.0,0.0,0.0,1.0,3.0
pypolca,32.6,1.0,2.0,0.0,0.0,1.0,2.0
pypolca,32.7,1.0,1.0,1.0,0.0,1.0,2.0
pypolca,32.8,0.0,1.0,0.0,0.0,1.0,0.0
pypolca,32.9,1.0,1.0,0.0,0.0,1.0,1.0
pypolca,33.0,1.0,6.0,0.0,0.0,1.0,6.0
pypolca,33.1,0.0,0.0,1.0,0.0,0.0,1.0
pypolca,33.2,0.0,1.0,1.0,0.0,1.0,1.0
pypolca,33.3,0.0,4.0,0.0,0.0,4.0,0.0
pypolca,33.4,0.0,2.0,1.0,0.0,1.0,2.0
pypolca,33.5,0.0,1.0,0.0,0.0,1.0,0.0
pypolca,33.6,1.0,1.0,0.0,0.0,1.0,1.0
pypolca,33.7,0.0,2.0,0.0,0.0,1.0,1.0
pypolca,33.8,1.0,2.0,0.0,0.0,1.0,2.0
pypolca,33.9,1.0,2.0,0.0,0.0,2.0,1.0
pypolca,34.0,0.0,1.0,0.0,0.0,1.0,0.0
pypolca,34.1,0.0,1.0,0.0,0.0,1.0,0.0
pypolca,34.2,0.0,1.0,0.0,0.0,1.0,0.0
pypolca,34.3,0.0,0.0,1.0,0.0,0.0,1.0
pypolca,34.4,0.0,1.0,0.0,0.0,1.0,0.0
pypolca,34.5,2.0,1.0,0.0,0.0,1.0,2.0
pypolca,34.6,0.0,1.0,0.0,0.0,1.0,0.0
pypolca,34.7,0.0,2.0,1.0,0.0,2.0,1.0
pypolca,34.8,0.0,1.0,0.0,0.0,1.0,0.0
pypolca,34.9,0.0,1.0,0.0,0.0,1.0,0.0
pypolca,35.0,0.0,2.0,1.0,0.0,1.0,2.0
pypolca,35.1,0.0,1.0,0.0,0.0,1.0,0.0
pypolca,35.2,0.0,1.0,1.0,0.0,1.0,1.0
pypolca,35.3,0.0,2.0,1.0,0.0,2.0,1.0
pypolca,35.4,1.0,1.0,0.0,0.0,1.0,1.0
pypolca,35.5,0.0,1.0,0.0,0.0,1.0,0.0
pypolca,35.6,0.0,1.0,0.0,0.0,1.0,0.0
pypolca,35.7,3.0,1.0,1.0,0.0,0.0,5.0
pypolca,35.8,0.0,2.0,0.0,0.0,1.0,1.0
pypolca,35.9,1.0,1.0,1.0,0.0,1.0,2.0
pypolca,36.0,0.0,1.0,1.0,0.0,1.0,1.0
pypolca,36.1,0.0,2.0,0.0,0.0,1.0,1.0
pypolca,36.2,0.0,3.0,0.0,0.0,3.0,0.0
pypolca,36.3,0.0,1.0,0.0,0.0,1.0,0.0
pypolca,36.4,0.0,1.0,0.0,0.0,1.0,0.0
pypolca,36.5,0.0,3.0,1.0,0.0,1.0,3.0
pypolca,36.6,0.0,1.0,1.0,0.0,1.0,1.0
pypolca,36.7,0.0,1.0,0.0,0.0,1.0,0.0
pypolca,36.8,0.0,2.0,0.0,0.0,1.0,1.0
pypolca,36.9,0.0,1.0,1.0,0.0,1.0,1.0
pypolca,37.0,1.0,1.0,0.0,0.0,1.0,1.0
pypolca,37.1,0.0,0.0,1.0,0.0,0.0,1.0
pypolca,37.2,0.0,1.0,1.0,0.0,1.0,1.0
pypolca,37.3,0.0,1.0,1.0,0.0,1.0,1.0
pypolca,37.4,0.0,2.0,0.0,0.0,1.0,1.0
pypolca,37.5,2.0,1.0,0.0,0.0,1.0,2.0
pypolca,37.6,0.0,2.0,0.0,0.0,1.0,1.0
pypolca,37.7,0.0,1.0,0.0,0.0,1.0,0.0
pypolca,37.8,1.0,2.0,0.0,0.0,2.0,1.0
pypolca,37.9,0.0,2.0,1.0,0.0,1.0,2.0
pypolca,38.0,0.0,1.0,0.0,0.0,1.0,0.0
pypolca,38.1,0.0,2.0,0.0,0.0,1.0,1.0
pypolca,38.2,0.0,1.0,0.0,0.0,1.0,0.0
pypolca,38.3,0.0,1.0,0.0,0.0,1.0,0.0
pypolca,38.4,0.0,1.0,0.0,0.0,1.0,0.0
pypolca,38.5,0.0,1.0,0.0,0.0,1.0,0.0
pypolca,38.6,0.0,1.0,0.0,0.0,1.0,0.0
pypolca,38.7,2.0,1.0,1.0,0.0,1.0,3.0
pypolca,38.8,0.0,1.0,0.0,0.0,1.0,0.0
pypolca,38.9,0.0,1.0,1.0,0.0,1.0,1.0
pypolca,39.0,0.0,1.0,0.0,0.0,0.0,1.0
pypolca,39.1,2.0,1.0,0.0,0.0,1.0,2.0
pypolca,39.2,0.0,1.0,1.0,0.0,1.0,1.0
pypolca,39.3,0.0,1.0,1.0,0.0,1.0,1.0
pypolca,39.4,0.0,1.0,0.0,0.0,1.0,0.0
pypolca,39.5,0.0,2.0,0.0,0.0,2.0,0.0
pypolca,39.6,0.0,1.0,1.0,0.0,1.0,1.0
pypolca,39.8,0.0,1.0,0.0,0.0,1.0,0.0
pypolca,39.9,1.0,1.0,1.0,0.0,1.0,2.0
pypolca,40.0,0.0,2.0,0.0,0.0,2.0,0.0
pypolca,40.1,0.0,1.0,0.0,0.0,1.0,0.0
pypolca,40.2,0.0,1.0,0.0,0.0,1.0,0.0
pypolca,40.3,0.0,1.0,0.0,0.0,1.0,0.0
pypolca,40.5,0.0,1.0,0.0,0.0,1.0,0.0
pypolca,40.6,1.0,1.0,0.0,0.0,1.0,1.0
pypolca,40.7,0.0,1.0,0.0,0.0,1.0,0.0
pypolca,40.8,0.0,1.0,1.0,0.0,1.0,1.0
pypolca,40.9,0.0,2.0,0.0,0.0,1.0,1.0
pypolca,41.0,0.0,1.0,0.0,0.0,1.0,0.0
pypolca,41.1,0.0,1.0,0.0,0.0,1.0,0.0
pypolca,41.2,0.0,0.0,1.0,0.0,0.0,1.0
pypolca,41.3,0.0,1.0,1.0,0.0,1.0,1.0
pypolca,41.4,0.0,1.0,0.0,0.0,1.0,0.0
pypolca,41.5,0.0,1.0,0.0,0.0,1.0,0.0
pypolca,41.6,0.0,1.0,1.0,0.0,1.0,1.0
pypolca,41.7,0.0,1.0,0.0,0.0,1.0,0.0
pypolca,41.8,0.0,1.0,0.0,0.0,1.0,0.0
pypolca,41.9,0.0,1.0,0.0,0.0,1.0,0.0
pypolca,42.0,0.0,1.0,0.0,0.0,1.0,0.0
pypolca,42.1,0.0,1.0,1.0,0.0,1.0,1.0
pypolca,42.2,0.0,3.0,0.0,0.0,1.0,2.0
pypolca,42.3,0.0,1.0,0.0,0.0,1.0,0.0
pypolca,42.4,0.0,2.0,0.0,0.0,2.0,0.0
pypolca,42.5,0.0,1.0,1.0,0.0,1.0,1.0
pypolca,42.6,0.0,1.0,1.0,0.0,1.0,1.0
pypolca,42.7,2.0,1.0,1.0,0.0,1.0,3.0
pypolca,42.8,1.0,0.0,0.0,0.0,0.0,1.0
pypolca,42.9,1.0,2.0,1.0,0.0,1.0,3.0
pypolca,43.0,1.0,1.0,0.0,0.0,1.0,1.0
pypolca,43.1,1.0,1.0,0.0,0.0,1.0,1.0
pypolca,43.2,0.0,1.0,0.0,0.0,1.0,0.0
pypolca,43.3,0.0,1.0,0.0,0.0,1.0,0.0
pypolca,43.4,0.0,1.0,0.0,0.0,1.0,0.0
pypolca,43.5,0.0,2.0,0.0,0.0,2.0,0.0
pypolca,43.6,0.0,1.0,1.0,0.0,1.0,1.0
pypolca,43.8,0.0,1.0,1.0,0.0,1.0,1.0
pypolca,43.9,0.0,1.0,1.0,0.0,1.0,1.0
pypolca,44.0,0.0,2.0,0.0,0.0,1.0,1.0
pypolca,44.1,1.0,1.0,0.0,0.0,1.0,1.0
pypolca,44.2,0.0,1.0,1.0,0.0,1.0,1.0
pypolca,44.3,0.0,1.0,1.0,0.0,1.0,1.0
pypolca,44.4,1.0,1.0,0.0,0.0,1.0,1.0
pypolca,44.5,0.0,1.0,0.0,0.0,1.0,0.0
pypolca,44.6,1.0,1.0,0.0,0.0,1.0,1.0
pypolca,44.7,0.0,1.0,0.0,0.0,1.0,0.0
pypolca,44.8,0.0,1.0,1.0,0.0,1.0,1.0
pypolca,44.9,0.0,1.0,0.0,0.0,1.0,0.0
pypolca,45.0,0.0,1.0,0.0,0.0,1.0,0.0
pypolca,45.1,0.0,1.0,0.0,0.0,1.0,0.0
pypolca,45.2,0.0,1.0,0.0,0.0,1.0,0.0
pypolca,45.3,0.0,1.0,0.0,0.0,1.0,0.0
pypolca,45.4,0.0,1.0,0.0,0.0,1.0,0.0
pypolca,45.5,0.0,1.0,0.0,0.0,1.0,0.0
pypolca,45.6,0.0,1.0,1.0,0.0,1.0,1.0
pypolca,45.7,0.0,1.0,0.0,0.0,1.0,0.0
pypolca,45.8,0.0,1.0,0.0,0.0,1.0,0.0
pypolca,45.9,0.0,1.0,0.0,0.0,1.0,0.0
pypolca,46.0,0.0,1.0,0.0,0.0,1.0,0.0
pypolca,46.1,0.0,1.0,1.0,0.0,1.0,1.0
pypolca,46.2,0.0,2.0,0.0,0.0,2.0,0.0
pypolca,46.3,0.0,1.0,0.0,0.0,1.0,0.0
pypolca,46.4,0.0,1.0,0.0,0.0,1.0,0.0
pypolca,46.5,0.0,0.0,1.0,0.0,0.0,1.0
pypolca,46.6,0.0,1.0,0.0,0.0,1.0,0.0
pypolca,46.7,0.0,1.0,0.0,0.0,1.0,0.0
pypolca,46.8,0.0,4.0,0.0,0.0,4.0,0.0
pypolca,46.9,0.0,2.0,0.0,0.0,1.0,1.0
pypolca,47.0,1.0,1.0,1.0,0.0,1.0,2.0
pypolca,47.1,0.0,1.0,0.0,0.0,1.0,0.0
pypolca,47.2,2.0,1.0,0.0,0.0,1.0,2.0
pypolca,47.3,0.0,1.0,0.0,0.0,1.0,0.0
pypolca,47.4,0.0,1.0,0.0,0.0,1.0,0.0
pypolca,47.5,0.0,1.0,1.0,0.0,1.0,1.0
pypolca,47.6,0.0,2.0,0.0,0.0,1.0,1.0
pypolca,47.7,0.0,1.0,0.0,0.0,1.0,0.0
pypolca,47.8,0.0,1.0,0.0,0.0,1.0,0.0
pypolca,47.9,0.0,4.0,0.0,0.0,4.0,0.0
pypolca,48.0,0.0,2.0,0.0,0.0,1.0,1.0
pypolca,48.1,3.0,1.0,0.0,0.0,1.0,3.0
pypolca,48.2,0.0,1.0,0.0,0.0,1.0,0.0
pypolca,48.3,0.0,1.0,0.0,0.0,1.0,0.0
pypolca,48.4,0.0,1.0,0.0,0.0,1.0,0.0
pypolca,48.5,0.0,1.0,0.0,0.0,1.0,0.0
pypolca,48.6,0.0,1.0,0.0,0.0,1.0,0.0
pypolca,48.7,0.0,1.0,0.0,0.0,1.0,0.0
pypolca,48.8,0.0,1.0,0.0,0.0,1.0,0.0
pypolca,48.9,0.0,1.0,1.0,0.0,1.0,1.0
pypolca,49.0,0.0,1.0,0.0,0.0,1.0,0.0
pypolca,49.1,0.0,1.0,0.0,0.0,1.0,0.0
pypolca,49.2,0.0,0.0,1.0,0.0,0.0,1.0
pypolca,49.3,1.0,0.0,0.0,0.0,0.0,1.0
pypolca,49.4,0.0,1.0,0.0,0.0,1.0,0.0
pypolca,49.5,0.0,2.0,0.0,0.0,2.0,0.0
pypolca,49.6,0.0,1.0,0.0,0.0,1.0,0.0
pypolca,49.7,0.0,2.0,0.0,0.0,1.0,1.0
pypolca,49.8,0.0,1.0,0.0,0.0,1.0,0.0
pypolca,49.9,0.0,1.0,1.0,0.0,1.0,1.0
pypolca,50.0,1.0,1.0,0.0,0.0,1.0,1.0
pypolca-careful,25.0,0.0,1.0,0.0,0.0,1.0,0.0
pypolca-careful,25.1,0.0,3.0,0.0,0.0,3.0,0.0
pypolca-careful,25.2,0.0,3.0,0.0,0.0,3.0,0.0
pypolca-careful,25.3,0.0,1.0,0.0,0.0,1.0,0.0
pypolca-careful,25.4,0.0,2.0,0.0,0.0,2.0,0.0
pypolca-careful,25.5,0.0,1.0,0.0,0.0,1.0,0.0
pypolca-careful,25.6,1.0,1.0,1.0,0.0,1.0,2.0
pypolca-careful,25.7,0.0,2.0,0.0,0.0,2.0,0.0
pypolca-careful,25.8,0.0,2.0,0.0,0.0,2.0,0.0
pypolca-careful,25.9,0.0,1.0,0.0,0.0,1.0,0.0
pypolca-careful,26.0,0.0,4.0,0.0,0.0,4.0,0.0
pypolca-careful,26.1,0.0,1.0,0.0,0.0,1.0,0.0
pypolca-careful,26.2,0.0,1.0,0.0,0.0,1.0,0.0
pypolca-careful,26.3,0.0,1.0,0.0,0.0,1.0,0.0
pypolca-careful,26.4,0.0,2.0,0.0,0.0,2.0,0.0
pypolca-careful,26.5,0.0,2.0,0.0,0.0,2.0,0.0
pypolca-careful,26.6,0.0,1.0,0.0,0.0,1.0,0.0
pypolca-careful,26.7,0.0,2.0,0.0,0.0,2.0,0.0
pypolca-careful,26.8,0.0,1.0,1.0,0.0,1.0,1.0
pypolca-careful,26.9,0.0,2.0,0.0,0.0,2.0,0.0
pypolca-careful,27.0,0.0,1.0,0.0,0.0,1.0,0.0
pypolca-careful,27.1,0.0,1.0,0.0,0.0,1.0,0.0
pypolca-careful,27.2,0.0,1.0,1.0,0.0,1.0,1.0
pypolca-careful,27.3,0.0,4.0,0.0,0.0,4.0,0.0
pypolca-careful,27.4,0.0,2.0,0.0,0.0,1.0,1.0
pypolca-careful,27.5,0.0,4.0,0.0,0.0,4.0,0.0
pypolca-careful,27.6,0.0,1.0,0.0,0.0,1.0,0.0
pypolca-careful,27.7,0.0,2.0,0.0,0.0,2.0,0.0
pypolca-careful,27.8,0.0,1.0,0.0,0.0,1.0,0.0
pypolca-careful,27.9,0.0,4.0,0.0,0.0,4.0,0.0
pypolca-careful,28.0,0.0,2.0,0.0,0.0,2.0,0.0
pypolca-careful,28.1,0.0,1.0,0.0,0.0,1.0,0.0
pypolca-careful,28.2,0.0,2.0,0.0,0.0,2.0,0.0
pypolca-careful,28.3,0.0,4.0,0.0,0.0,4.0,0.0
pypolca-careful,28.4,0.0,1.0,0.0,0.0,1.0,0.0
pypolca-careful,28.5,1.0,1.0,0.0,0.0,1.0,1.0
pypolca-careful,28.6,0.0,1.0,0.0,0.0,1.0,0.0
pypolca-careful,28.7,0.0,1.0,0.0,0.0,1.0,0.0
pypolca-careful,28.8,0.0,1.0,0.0,0.0,1.0,0.0
pypolca-careful,28.9,0.0,2.0,0.0,0.0,2.0,0.0
pypolca-careful,29.0,0.0,2.0,1.0,0.0,2.0,1.0
pypolca-careful,29.1,0.0,2.0,0.0,0.0,2.0,0.0
pypolca-careful,29.2,0.0,3.0,0.0,0.0,3.0,0.0
pypolca-careful,29.3,0.0,2.0,0.0,0.0,2.0,0.0
pypolca-careful,29.4,0.0,1.0,0.0,0.0,1.0,0.0
pypolca-careful,29.5,0.0,1.0,1.0,0.0,1.0,1.0
pypolca-careful,29.6,0.0,1.0,0.0,0.0,1.0,0.0
pypolca-careful,29.7,0.0,1.0,0.0,0.0,1.0,0.0
pypolca-careful,29.8,0.0,2.0,0.0,0.0,2.0,0.0
pypolca-careful,29.9,0.0,1.0,0.0,0.0,1.0,0.0
pypolca-careful,30.0,0.0,5.0,0.0,0.0,5.0,0.0
pypolca-careful,30.1,0.0,1.0,0.0,0.0,1.0,0.0
pypolca-careful,30.2,0.0,4.0,0.0,0.0,4.0,0.0
pypolca-careful,30.3,0.0,1.0,0.0,0.0,1.0,0.0
pypolca-careful,30.4,0.0,1.0,0.0,0.0,1.0,0.0
pypolca-careful,30.5,0.0,4.0,1.0,0.0,4.0,1.0
pypolca-careful,30.6,0.0,1.0,0.0,0.0,1.0,0.0
pypolca-careful,30.7,0.0,1.0,0.0,0.0,1.0,0.0
pypolca-careful,30.8,0.0,2.0,0.0,0.0,2.0,0.0
pypolca-careful,30.9,0.0,1.0,0.0,0.0,1.0,0.0
pypolca-careful,31.0,1.0,1.0,0.0,0.0,1.0,1.0
pypolca-careful,31.1,0.0,2.0,0.0,0.0,2.0,0.0
pypolca-careful,31.2,0.0,1.0,0.0,0.0,1.0,0.0
pypolca-careful,31.3,0.0,1.0,0.0,0.0,1.0,0.0
pypolca-careful,31.4,0.0,2.0,0.0,0.0,2.0,0.0
pypolca-careful,31.5,0.0,2.0,1.0,0.0,2.0,1.0
pypolca-careful,31.6,1.0,1.0,1.0,0.0,1.0,2.0
pypolca-careful,31.7,0.0,3.0,1.0,0.0,3.0,1.0
pypolca-careful,31.8,0.0,1.0,0.0,0.0,1.0,0.0
pypolca-careful,31.9,0.0,1.0,0.0,0.0,1.0,0.0
pypolca-careful,32.0,0.0,4.0,1.0,0.0,4.0,1.0
pypolca-careful,32.1,0.0,2.0,0.0,0.0,2.0,0.0
pypolca-careful,32.2,0.0,2.0,0.0,0.0,2.0,0.0
pypolca-careful,32.3,0.0,2.0,1.0,0.0,2.0,1.0
pypolca-careful,32.4,0.0,1.0,0.0,0.0,1.0,0.0
pypolca-careful,32.5,1.0,1.0,0.0,0.0,1.0,1.0
pypolca-careful,32.6,0.0,2.0,0.0,0.0,2.0,0.0
pypolca-careful,32.7,0.0,1.0,0.0,0.0,1.0,0.0
pypolca-careful,32.8,0.0,1.0,0.0,0.0,1.0,0.0
pypolca-careful,32.9,0.0,2.0,0.0,0.0,2.0,0.0
pypolca-careful,33.0,0.0,5.0,0.0,0.0,4.0,1.0
pypolca-careful,33.1,0.0,1.0,0.0,0.0,1.0,0.0
pypolca-careful,33.2,0.0,1.0,1.0,0.0,1.0,1.0
pypolca-careful,33.3,0.0,4.0,0.0,0.0,4.0,0.0
pypolca-careful,33.4,0.0,1.0,0.0,0.0,1.0,0.0
pypolca-careful,33.5,0.0,1.0,0.0,0.0,1.0,0.0
pypolca-careful,33.6,0.0,1.0,0.0,0.0,1.0,0.0
pypolca-careful,33.7,0.0,2.0,0.0,0.0,1.0,1.0
pypolca-careful,33.8,0.0,2.0,0.0,0.0,1.0,1.0
pypolca-careful,33.9,0.0,2.0,0.0,0.0,2.0,0.0
pypolca-careful,34.0,0.0,1.0,0.0,0.0,1.0,0.0
pypolca-careful,34.1,0.0,3.0,0.0,0.0,3.0,0.0
pypolca-careful,34.2,0.0,1.0,0.0,0.0,1.0,0.0
pypolca-careful,34.3,0.0,4.0,0.0,0.0,4.0,0.0
pypolca-careful,34.4,0.0,1.0,0.0,0.0,1.0,0.0
pypolca-careful,34.5,0.0,1.0,0.0,0.0,1.0,0.0
pypolca-careful,34.6,0.0,1.0,0.0,0.0,1.0,0.0
pypolca-careful,34.7,0.0,2.0,1.0,0.0,2.0,1.0
pypolca-careful,34.8,0.0,1.0,0.0,0.0,1.0,0.0
pypolca-careful,34.9,0.0,1.0,0.0,0.0,1.0,0.0
pypolca-careful,35.0,0.0,1.0,0.0,0.0,1.0,0.0
pypolca-careful,35.1,0.0,1.0,0.0,0.0,1.0,0.0
pypolca-careful,35.2,0.0,2.0,1.0,0.0,2.0,1.0
pypolca-careful,35.3,0.0,2.0,1.0,0.0,2.0,1.0
pypolca-careful,35.4,0.0,1.0,0.0,0.0,1.0,0.0
pypolca-careful,35.5,0.0,1.0,0.0,0.0,1.0,0.0
pypolca-careful,35.6,0.0,1.0,0.0,0.0,1.0,0.0
pypolca-careful,35.7,0.0,1.0,0.0,0.0,1.0,0.0
pypolca-careful,35.8,0.0,2.0,0.0,0.0,1.0,1.0
pypolca-careful,35.9,0.0,1.0,0.0,0.0,1.0,0.0
pypolca-careful,36.0,0.0,4.0,0.0,0.0,4.0,0.0
pypolca-careful,36.1,0.0,3.0,0.0,0.0,2.0,1.0
pypolca-careful,36.2,0.0,4.0,0.0,0.0,4.0,0.0
pypolca-careful,36.3,0.0,1.0,0.0,0.0,1.0,0.0
pypolca-careful,36.4,0.0,1.0,0.0,0.0,1.0,0.0
pypolca-careful,36.5,0.0,5.0,1.0,0.0,5.0,1.0
pypolca-careful,36.6,0.0,1.0,1.0,0.0,1.0,1.0
pypolca-careful,36.7,0.0,1.0,0.0,0.0,1.0,0.0
pypolca-careful,36.8,0.0,1.0,0.0,0.0,1.0,0.0
pypolca-careful,36.9,0.0,1.0,0.0,0.0,1.0,0.0
pypolca-careful,37.0,0.0,4.0,0.0,0.0,4.0,0.0
pypolca-careful,37.1,0.0,1.0,1.0,0.0,1.0,1.0
pypolca-careful,37.2,0.0,1.0,0.0,0.0,1.0,0.0
pypolca-careful,37.3,0.0,4.0,1.0,0.0,4.0,1.0
pypolca-careful,37.4,0.0,1.0,0.0,0.0,1.0,0.0
pypolca-careful,37.5,0.0,1.0,0.0,0.0,1.0,0.0
pypolca-careful,37.6,0.0,1.0,0.0,0.0,1.0,0.0
pypolca-careful,37.7,0.0,1.0,0.0,0.0,1.0,0.0
pypolca-careful,37.8,0.0,3.0,0.0,0.0,3.0,0.0
pypolca-careful,37.9,0.0,3.0,0.0,0.0,2.0,1.0
pypolca-careful,38.0,0.0,5.0,0.0,0.0,5.0,0.0
pypolca-careful,38.1,0.0,1.0,0.0,0.0,1.0,0.0
pypolca-careful,38.2,0.0,1.0,0.0,0.0,1.0,0.0
pypolca-careful,38.3,0.0,1.0,0.0,0.0,1.0,0.0
pypolca-careful,38.4,0.0,2.0,0.0,0.0,2.0,0.0
pypolca-careful,38.5,0.0,2.0,0.0,0.0,2.0,0.0
pypolca-careful,38.6,0.0,1.0,0.0,0.0,1.0,0.0
pypolca-careful,38.7,0.0,1.0,1.0,0.0,1.0,1.0
pypolca-careful,38.8,0.0,1.0,0.0,0.0,1.0,0.0
pypolca-careful,38.9,0.0,1.0,0.0,0.0,1.0,0.0
pypolca-careful,39.0,0.0,1.0,0.0,0.0,1.0,0.0
pypolca-careful,39.1,0.0,1.0,0.0,0.0,1.0,0.0
pypolca-careful,39.2,0.0,1.0,0.0,0.0,1.0,0.0
pypolca-careful,39.3,0.0,1.0,0.0,0.0,1.0,0.0
pypolca-careful,39.4,0.0,1.0,0.0,0.0,1.0,0.0
pypolca-careful,39.5,0.0,2.0,0.0,0.0,2.0,0.0
pypolca-careful,39.6,0.0,1.0,0.0,0.0,1.0,0.0
pypolca-careful,39.7,0.0,1.0,0.0,0.0,1.0,0.0
pypolca-careful,39.8,0.0,1.0,0.0,0.0,1.0,0.0
pypolca-careful,39.9,0.0,1.0,0.0,0.0,1.0,0.0
pypolca-careful,40.0,0.0,2.0,0.0,0.0,2.0,0.0
pypolca-careful,40.1,0.0,1.0,0.0,0.0,1.0,0.0
pypolca-careful,40.2,0.0,1.0,0.0,0.0,1.0,0.0
pypolca-careful,40.3,0.0,1.0,0.0,0.0,1.0,0.0
pypolca-careful,40.4,0.0,1.0,0.0,0.0,1.0,0.0
pypolca-careful,40.5,0.0,1.0,0.0,0.0,1.0,0.0
pypolca-careful,40.6,0.0,1.0,0.0,0.0,1.0,0.0
pypolca-careful,40.7,0.0,1.0,0.0,0.0,1.0,0.0
pypolca-careful,40.8,0.0,1.0,1.0,0.0,1.0,1.0
pypolca-careful,40.9,0.0,1.0,0.0,0.0,1.0,0.0
pypolca-careful,41.0,0.0,1.0,0.0,0.0,1.0,0.0
pypolca-careful,41.1,0.0,1.0,0.0,0.0,1.0,0.0
pypolca-careful,41.2,0.0,1.0,0.0,0.0,1.0,0.0
pypolca-careful,41.3,0.0,1.0,0.0,0.0,1.0,0.0
pypolca-careful,41.4,0.0,1.0,0.0,0.0,1.0,0.0
pypolca-careful,41.5,0.0,1.0,0.0,0.0,1.0,0.0
pypolca-careful,41.6,0.0,1.0,0.0,0.0,1.0,0.0
pypolca-careful,41.7,0.0,1.0,0.0,0.0,1.0,0.0
pypolca-careful,41.8,0.0,1.0,0.0,0.0,1.0,0.0
pypolca-careful,41.9,0.0,1.0,0.0,0.0,1.0,0.0
pypolca-careful,42.0,0.0,1.0,0.0,0.0,1.0,0.0
pypolca-careful,42.1,0.0,1.0,0.0,0.0,1.0,0.0
pypolca-careful,42.2,0.0,2.0,0.0,0.0,1.0,1.0
pypolca-careful,42.3,0.0,1.0,0.0,0.0,1.0,0.0
pypolca-careful,42.4,0.0,2.0,0.0,0.0,2.0,0.0
pypolca-careful,42.5,0.0,1.0,0.0,0.0,1.0,0.0
pypolca-careful,42.6,0.0,1.0,0.0,0.0,1.0,0.0
pypolca-careful,42.7,0.0,1.0,0.0,0.0,1.0,0.0
pypolca-careful,42.8,0.0,1.0,0.0,0.0,1.0,0.0
pypolca-careful,42.9,0.0,1.0,0.0,0.0,1.0,0.0
pypolca-careful,43.0,0.0,1.0,0.0,0.0,1.0,0.0
pypolca-careful,43.1,0.0,1.0,0.0,0.0,1.0,0.0
pypolca-careful,43.2,0.0,1.0,0.0,0.0,1.0,0.0
pypolca-careful,43.3,0.0,1.0,0.0,0.0,1.0,0.0
pypolca-careful,43.4,0.0,1.0,0.0,0.0,1.0,0.0
pypolca-careful,43.5,0.0,2.0,0.0,0.0,2.0,0.0
pypolca-careful,43.6,0.0,2.0,0.0,0.0,2.0,0.0
pypolca-careful,43.7,0.0,1.0,0.0,0.0,1.0,0.0
pypolca-careful,43.8,0.0,1.0,1.0,0.0,1.0,1.0
pypolca-careful,43.9,0.0,1.0,1.0,0.0,1.0,1.0
pypolca-careful,44.0,0.0,1.0,0.0,0.0,1.0,0.0
pypolca-careful,44.1,0.0,1.0,0.0,0.0,1.0,0.0
pypolca-careful,44.2,0.0,1.0,0.0,0.0,1.0,0.0
pypolca-careful,44.3,0.0,1.0,0.0,0.0,1.0,0.0
pypolca-careful,44.4,0.0,1.0,0.0,0.0,1.0,0.0
pypolca-careful,44.5,0.0,1.0,0.0,0.0,1.0,0.0
pypolca-careful,44.6,0.0,2.0,0.0,0.0,2.0,0.0
pypolca-careful,44.7,0.0,1.0,0.0,0.0,1.0,0.0
pypolca-careful,44.8,0.0,1.0,0.0,0.0,1.0,0.0
pypolca-careful,44.9,0.0,1.0,0.0,0.0,1.0,0.0
pypolca-careful,45.0,0.0,1.0,0.0,0.0,1.0,0.0
pypolca-careful,45.1,0.0,1.0,0.0,0.0,1.0,0.0
pypolca-careful,45.2,0.0,1.0,0.0,0.0,1.0,0.0
pypolca-careful,45.3,0.0,1.0,0.0,0.0,1.0,0.0
pypolca-careful,45.4,0.0,1.0,0.0,0.0,1.0,0.0
pypolca-careful,45.5,0.0,1.0,0.0,0.0,1.0,0.0
pypolca-careful,45.6,0.0,1.0,0.0,0.0,1.0,0.0
pypolca-careful,45.7,0.0,1.0,0.0,0.0,1.0,0.0
pypolca-careful,45.8,0.0,1.0,0.0,0.0,1.0,0.0
pypolca-careful,45.9,0.0,2.0,0.0,0.0,2.0,0.0
pypolca-careful,46.0,0.0,1.0,0.0,0.0,1.0,0.0
pypolca-careful,46.1,0.0,1.0,0.0,0.0,1.0,0.0
pypolca-careful,46.2,0.0,2.0,0.0,0.0,2.0,0.0
pypolca-careful,46.3,0.0,1.0,0.0,0.0,1.0,0.0
pypolca-careful,46.4,0.0,1.0,0.0,0.0,1.0,0.0
pypolca-careful,46.6,0.0,1.0,0.0,0.0,1.0,0.0
pypolca-careful,46.7,0.0,1.0,0.0,0.0,1.0,0.0
pypolca-careful,46.8,0.0,4.0,0.0,0.0,4.0,0.0
pypolca-careful,46.9,0.0,1.0,0.0,0.0,1.0,0.0
pypolca-careful,47.0,1.0,1.0,0.0,0.0,1.0,1.0
pypolca-careful,47.1,0.0,1.0,0.0,0.0,1.0,0.0
pypolca-careful,47.2,0.0,1.0,0.0,0.0,1.0,0.0
pypolca-careful,47.3,0.0,1.0,0.0,0.0,1.0,0.0
pypolca-careful,47.4,0.0,1.0,0.0,0.0,1.0,0.0
pypolca-careful,47.5,0.0,2.0,1.0,0.0,2.0,1.0
pypolca-careful,47.6,0.0,1.0,0.0,0.0,1.0,0.0
pypolca-careful,47.7,0.0,1.0,0.0,0.0,1.0,0.0
pypolca-careful,47.8,0.0,1.0,0.0,0.0,1.0,0.0
pypolca-careful,47.9,0.0,5.0,0.0,0.0,5.0,0.0
pypolca-careful,48.0,0.0,1.0,0.0,0.0,1.0,0.0
pypolca-careful,48.1,0.0,1.0,0.0,0.0,1.0,0.0
pypolca-careful,48.2,0.0,1.0,0.0,0.0,1.0,0.0
pypolca-careful,48.3,0.0,1.0,0.0,0.0,1.0,0.0
pypolca-careful,48.4,0.0,1.0,0.0,0.0,1.0,0.0
pypolca-careful,48.5,0.0,1.0,0.0,0.0,1.0,0.0
pypolca-careful,48.6,0.0,1.0,0.0,0.0,1.0,0.0
pypolca-careful,48.7,0.0,1.0,0.0,0.0,1.0,0.0
pypolca-careful,48.8,0.0,1.0,0.0,0.0,1.0,0.0
pypolca-careful,48.9,0.0,1.0,0.0,0.0,1.0,0.0
pypolca-careful,49.0,0.0,1.0,0.0,0.0,1.0,0.0
pypolca-careful,49.1,0.0,1.0,0.0,0.0,1.0,0.0
pypolca-careful,49.2,0.0,1.0,0.0,0.0,1.0,0.0
pypolca-careful,49.4,0.0,1.0,0.0,0.0,1.0,0.0
pypolca-careful,49.5,0.0,2.0,0.0,0.0,2.0,0.0
pypolca-careful,49.6,0.0,2.0,0.0,0.0,2.0,0.0
pypolca-careful,49.7,0.0,1.0,0.0,0.0,1.0,0.0
pypolca-careful,49.8,0.0,1.0,0.0,0.0,1.0,0.0
pypolca-careful,49.9,0.0,1.0,0.0,0.0,1.0,0.0
pypolca-careful,50.0,0.0,1.0,0.0,0.0,1.0,0.0
